ID,PT,FREQ,SYMBOL,NAME,FREQ_REAL,SYMBOL_REAL,COMMENT
1,046E,11469,19000,,,,
2,046E,11475,32000,,,,
3,046E,11484,5000,,,,
4,046E,11488,7200,,,,
5,046E,11500,2165,,,,
6,046E,11515,23700,,,,
7,046E,11519,3810,,,,
8,046E,11545,4165,,,,
9,046E,11550,3570,,,,
10,046E,11555,34285,,,,
11,046E,11555,27690,,,,
12,046E,11563,2664,,,,
13,046E,11579,5000,,,,
14,046E,11595,27689,,,,
15,046E,11608,7200,,,,
16,046E,11608,1586,,,,
17,046E,11635,27690,,,,
18,046E,11655,45000,,,,
19,046E,11665,51428,,,,
20,046E,11668,20475,,,,
21,046E,11675,27690,,,,
22,046E,11682,7200,,,,
23,046E,11691,2781,,,,
24,046E,12560,30000,,,,
25,046E,12600,32727,,,,
26,046E,12610,12500,,,,
27,046E,12685,5000,,,,
28,046E,3762,7200,,,,
29,046E,3763,14284,,,,
30,046E,3771,7200,,,,
31,046E,3782,2222,,,,
32,046E,3813,1666,,,,
33,046E,3817,3333,,,,
34,046E,3826,3332,,,,
35,046E,3832,1071,,,,
36,046E,3834,1585,,,,
37,046E,3838,1250,,,,
38,046E,3838,12460,,,,
39,046E,3840,1250,,,,
40,046E,3841,1500,,,,
41,046E,3842,1582,,,,
42,046E,3860,1025,,,,
43,046E,3866,2500,,,,
44,046E,3867,2978,,,,
45,046E,3874,1250,,,,
46,046E,3893,15400,,,,
47,046E,3903,7200,,,,
48,046E,3914,4090,,,,
49,046E,3916,7200,,,,
50,046E,3929,7200,,,,
51,046E,3954,6250,,,,
52,046E,3960,12500,,,,
53,046E,3975,3457,,,,
54,046E,3978,3457,,,,
55,046E,3992,1666,,,,
56,046E,4003,2204,,,,
57,046E,4033,2165,,,,
58,046E,4107,2165,,,,
59,046E,4112,2432,,,,
60,046E,4115,1249,,,,
61,046E,4117,10910,,,,
62,046E,4118,3050,,,,
63,046E,4125,2381,,,,
64,046E,4128,1408,,,,
65,046E,4130,2000,,,,
66,046E,4132,1842,,,,
67,046E,4135,1282,,,,
68,046E,4137,1603,,,,
69,046E,4137,20775,,,,
70,046E,4139,1333,,,,
71,046E,4140,1000,,,,
72,046E,4142,1250,,,,
73,046E,4144,2300,,,,
74,046E,4146,1190,,,,
75,046E,4148,2400,,,,
76,046E,4156,7200,,,,
77,046E,4160,16325,,,,
78,046E,4168,2754,,,,
79,046E,4180,16325,,,,
80,046E,10956,2850,,,,
81,046E,10959,7500,,,,
82,046E,10960,7500,,,,
83,046E,10972,2500,,,,
84,046E,10980,22029,,,,
85,046E,10997,2062,,,,
86,046E,10997,1000,,,,
87,046E,11000,2062,,,,
88,046E,11002,1992,,,,
89,046E,11005,2000,,,,
90,046E,11015,3333,,,,
91,046E,11022,5000,,,,
92,046E,11024,12700,,,,
93,046E,11027,4800,,,,
94,046E,11040,7266,,,,
95,046E,11042,12000,,,,
96,046E,11051,7500,,,,
97,046E,11059,5452,,,,
98,046E,11067,7500,,,,
99,046E,11068,10000,,,,
100,046E,11070,2961,,,,
101,046E,11088,7500,,,,
102,046E,11095,30000,,,,
103,046E,11135,30000,,,,
104,046E,11175,30000,,,,
105,045E,3527,1050,,,,
106,045E,3531,1050,,,,
107,045E,3598,2100,,,,
108,045E,3641,3500,,,,
109,045E,3654,500,,,,
110,045E,3669,6000,,,,
111,045E,3743,4150,,,,
112,045E,3749,1500,,,,
113,045E,3759,3500,,,,
114,045E,3793,15400,,,,
115,045E,3828,1600,,,,
116,045E,3848,4000,,,,
117,045E,3852,1500,,,,
118,045E,3892,15400,,,,
119,042E,10950,3250,,,,
120,042E,10953,3333,,,,
121,042E,10956,3200,,,,
122,042E,10958,6250,,,,
123,042E,10960,3250,,,,
124,042E,10963,7200,,,,
125,042E,10966,3250,,,,
126,042E,10968,7916,,,,
127,042E,10969,3333,,,,
128,042E,10974,2960,,,,
129,042E,10976,5925,,,,
130,042E,10977,3333,,,,
131,042E,10980,3333,,,,
132,042E,10981,2500,,,,
133,042E,10983,4100,,,,
134,042E,10984,2960,,,,
135,042E,10986,5925,,,,
136,042E,10987,2960,,,,
137,042E,10989,2962,,,,
138,042E,10997,3333,,,,
139,042E,11000,7500,,,,
140,042E,11004,2500,,,,
141,042E,11007,2500,,,,
142,042E,11010,7500,,,,
143,042E,11013,2500,,,,
144,042E,11016,7500,,,,
145,042E,11020,4100,,,,
146,042E,11023,3333,,,,
147,042E,11027,7500,,,,
148,042E,11030,7500,,,,
149,042E,11038,2960,,,,
150,042E,11045,2680,,,,
151,042E,11048,2680,,,,
152,042E,11053,8000,,,,
153,042E,11054,30000,,,,
154,042E,11061,2500,,,,
155,042E,11068,4100,,,,
156,042E,11071,2500,,,,
157,042E,11080,5185,,,,
158,042E,11083,7500,,,,
159,042E,11088,10000,,,,
160,042E,11093,4444,,,,
161,042E,11096,30000,,,,
162,042E,11097,7500,,,,
163,042E,11103,4100,,,,
164,042E,11108,7500,,,,
165,042E,11112,2222,,,,
166,042E,11127,2222,,,,
167,042E,11128.47,400,,,,
168,042E,11129.2,400,,,,
169,042E,11129.97,400,,,,
170,042E,11130,4444,,,,
171,042E,11130.68,420,,,,
172,042E,11131.48,400,,,,
173,042E,11133,1800,,,,
174,042E,11133,2680,,,,
175,042E,11136,2960,,,,
176,042E,11138,4250,,,,
177,042E,11142,2500,,,,
178,042E,11142,6200,,,,
179,042E,11145,4250,,,,
180,042E,11149,2500,,,,
181,042E,11150,4444,,,,
182,042E,11153,5925,,,,
183,042E,11155,4444,,,,
184,042E,11156,2592,,,,
185,042E,11159,2222,,,,
186,042E,11169,3333,,,,
187,042E,11172,3700,,,,
188,042E,11180,29750,,,,
189,042E,11183,5000,,,,
190,042E,11191,3333,,,,
191,042E,11265,30000,,,,
192,042E,11305,30000,,,,
193,042E,11425,30000,,,,
194,042E,11458,3200,,,,
195,042E,11461,6800,,,,
196,042E,11464,11000,,,,
197,042E,11469,6800,,,,
198,042E,11470,7400,,,,
199,042E,11472,6800,,,,
200,042E,11475,3200,,,,
201,042E,11478,6800,,,,
202,042E,11480,7400,,,,
203,042E,11480,3200,,,,
204,042E,11486,6800,,,,
205,042E,11488,3200,,,,
206,042E,11490,7400,,,,
207,042E,11493,3333,,,,
208,042E,11496,4100,,,,
209,042E,11500,2000,,,,
210,042E,11505,5925,,,,
211,042E,11506,4100,,,,
212,042E,11513,2500,,,,
213,042E,11514,5925,,,,
214,042E,11516,7500,,,,
215,042E,11519,3333,,,,
216,042E,11523,2720,,,,
217,042E,11523,5925,,,,
218,042E,11542,2962,,,,
219,042E,11545,2210,,,,
220,042E,11548,2160,,,,
221,042E,11554,8888,,,,
222,042E,11558,30000,,,,
223,042E,11562,3200,,,,
224,042E,11565,5800,,,,
225,042E,11568,8888,,,,
226,042E,11570,3600,,,,
227,042E,11573,3600,,,,
228,042E,11576,2222,,,,
229,042E,11580,3333,,,,
230,042E,11584,2592,,,,
231,042E,11588,4100,,,,
232,042E,11591,4166,,,,
233,042E,11594,2962,,,,
234,042E,11597,6200,,,,
235,042E,11598,3333,,,,
236,042E,11600,6200,,,,
237,042E,11603,8888,,,,
238,042E,11606,6200,,,,
239,042E,11606,2222,,,,
240,042E,11609,2962,,,,
241,042E,11609,2222,,,,
242,042E,11620,2222,,,,
243,042E,11621,2500,,,,
244,042E,11623,3330,,,,
245,042E,11624,3333,,,,
246,042E,11626,6666,,,,
247,042E,11627,9876,,,,
248,042E,11628,4100,,,,
249,042E,11631,4100,,,,
250,042E,11632,7200,,,,
251,042E,11634,2300,,,,
252,042E,11635,4100,,,,
253,042E,11637,2222,,,,
254,042E,11640,5925,,,,
255,042E,11643,2300,,,,
256,042E,11646,6600,,,,
257,042E,11646,4100,,,,
258,042E,11649,2500,,,,
259,042E,11653,2962,,,,
260,042E,11655,4100,,,,
261,042E,11656,2500,,,,
262,042E,11658,5000,,,,
263,042E,11661,3700,,,,
264,042E,11676,24444,,,,
265,042E,11681,2222,,,,
266,042E,11685,2210,,,,
267,042E,11688,4166,,,,
268,042E,11691,5925,,,,
269,042E,11767,15000,,,,
270,042E,11789,20000,,,,
271,042E,11794,30000,,,,
272,042E,11837,30000,,,,
273,042E,11853,25000,,,,
274,042E,11880,20000,,,,
275,042E,11883,4800,,,,
276,042E,11891,10600,,,,
277,042E,11898,952,,,,
278,042E,11916,30000,,,,
279,042E,11958,27500,,,,
280,042E,11977,27500,,,,
281,042E,11983,2962,,,,
282,042E,11999,11666,,,,
283,042E,12009,4444,,,,
284,042E,12015,27500,,,,
285,042E,12034,27500,,,,
286,042E,12053,27500,,,,
287,042E,12073,27500,,,,
288,042E,12083,13750,,,,
289,042E,12095,4800,,,,
290,042E,12103,8333,,,,
291,042E,12111,27500,,,,
292,042E,12149,27500,,,,
293,042E,12188,27500,,,,
294,042E,12196,10400,,,,
295,042E,12209,10000,,,,
296,042E,12213,5833,,,,
297,042E,12219,6500,,,,
298,042E,12228,8400,,,,
299,042E,12245,27500,,,,
300,042E,12265,27500,,,,
301,042E,12298,4800,,,,
302,042E,12310,15000,,,,
303,042E,12329,6666,,,,
304,042E,12336,5520,,,,
305,042E,12345,30000,,,,
306,042E,12346,9600,,,,
307,042E,12356,7100,,,,
308,042E,12379,30000,,,,
309,042E,12380,27500,,,,
310,042E,12422,30000,,,,
311,042E,12423,27500,,,,
312,042E,12455,2960,,,,
313,042E,12458,30000,,,,
314,042E,12515,2451,,,,
315,042E,12524,30000,,,,
316,042E,12540,4444,,,,
317,042E,12541,5925,,,,
318,042E,12552,2222,,,,
319,042E,12553,22500,,,,
320,042E,12554,7500,,,,
321,042E,12560,2222,,,,
322,042E,12563,2222,,,,
323,042E,12563,7500,,,,
324,042E,12570,3300,,,,
325,042E,12572,7500,,,,
326,042E,12573,2500,,,,
327,042E,12576,5000,,,,
328,042E,12579,2480,,,,
329,042E,12588,2222,,,,
330,042E,12589,22500,,,,
331,042E,12590,2222,,,,
332,042E,12590,5200,,,,
333,042E,12605,34285,,,,
334,042E,12610,20830,,,,
335,042E,12627,2962,,,,
336,042E,12629,12500,,,,
337,042E,12630,8888,,,,
338,042E,12632,3333,,,,
339,042E,12636,2500,,,,
340,042E,12639,4444,,,,
341,042E,12654,4444,,,,
342,042E,12685,30000,,,,
343,042E,12685,27500,,,,
344,042E,12716,10000,,,,
345,042E,12724,7500,,,,
346,042E,12729,30000,,,,
347,042E,12733,7500,,,,
348,042E,18633,22500,,,,
349,042E,18668,22500,,,,
350,042E,18709,12500,,,,
351,042E,19922,15800,,,,
352,040E,3608,5130,,,,
353,040E,3615,5120,,,,
354,040E,3622,5130,,,,
355,040E,3629,5120,,,,
356,040E,3635,5130,,,,
357,040E,3642,5120,,,,
358,040E,3665,15284,,,,
359,040E,3685,15284,,,,
360,040E,3709,5120,,,,
361,040E,3715,5130,,,,
362,040E,3722,5120,,,,
363,040E,3728,5130,,,,
364,040E,3735,5120,,,,
365,040E,3740,1922,,,,
366,040E,3758,5120,,,,
367,040E,3765,5130,,,,
368,040E,3773,5120,,,,
369,040E,3779,5130,,,,
370,040E,3785,5120,,,,
371,040E,3792,5130,,,,
372,040E,3808,5130,,,,
373,040E,3815,5120,,,,
374,040E,3822,5130,,,,
375,040E,3828,5120,,,,
376,040E,3835,5130,,,,
377,040E,3842,5120,,,,
378,040E,3858,5120,,,,
379,040E,3865,5130,,,,
380,040E,3872,5120,,,,
381,040E,3879,5130,,,,
382,040E,3885,5120,,,,
383,040E,3892,5130,,,,
384,040E,3909,5140,,,,
385,040E,3915,5130,,,,
386,040E,3922,5120,,,,
387,040E,3929,5120,,,,
388,040E,3942,5130,,,,
389,040E,3965,5120,,,,
390,040E,3972,5130,,,,
391,040E,3979,5120,,,,
392,040E,3985,5130,,,,
393,040E,3992,5120,,,,
394,040E,4085,15370,,,,
395,040E,10954,1504,,,,
396,040E,10959,8985,,,,
397,040E,10968,7500,,,,
398,040E,10969,850,,,,
399,040E,10973,850,,,,
400,040E,10976,3926,,,,
401,040E,10980,850,,,,
402,040E,10985,4860,,,,
403,040E,11012,1500,,,,
404,040E,11050,7000,,,,
405,040E,11053,3200,,,,
406,040E,11063,1667,,,,
407,040E,11070,2820,,,,
408,040E,11078,2029,,,,
409,040E,11134,7504,,,,
410,040E,11144,2569,,,,
411,040E,11154,3500,,,,
412,040E,11162,1340,,,,
413,040E,11189,4000,,,,
414,040E,11193,1530,,,,
415,040E,11286,1340,,,,
416,040E,11310,19996,,,,
417,040E,11345,29995,,,,
418,040E,11380,29995,,,,
419,040E,11411,1500,,,,
420,040E,11471,4247,,,,
421,040E,11503,8400,,,,
422,040E,11520,2082,,,,
423,040E,11521,15000,,,,
424,040E,11527,4166,,,,
425,040E,11548,4000,,,,
426,040E,11565,2400,,,,
427,040E,11580,4200,,,,
428,040E,11585,15000,,,,
429,040E,11607,12665,,,,
430,040E,11635,30000,,,,
431,040E,11637,32727,,,,
432,040E,11642,2271,,,,
433,040E,11648,1000,,,,
434,040E,11653,2600,,,,
435,040E,11667,6000,,,,
436,040E,12549,7910,,,,
437,040E,12605,30000,,,,
438,040E,12646,34278,,,,
439,040E,12674,8095,,,,
440,040E,12702,5000,,,,
441,040E,12735,23155,,,,
442,039E,10730,30000,,,,
443,039E,10810,34286,,,,
444,039E,10890,30000,,,,
445,039E,10913,2894,,,,
446,039E,10926,1480,,,,
447,039E,10930,30000,,,,
448,039E,10957,7200,,,,
449,039E,10966,7200,,,,
450,039E,10968,2270,,,,
451,039E,11017,7200,,,,
452,039E,11054,25000,,,,
453,039E,11106,9700,,,,
454,039E,11109,7200,,,,
455,039E,11134,3333,,,,
456,039E,11139,1000,,,,
457,039E,11148,6301,,,,
458,039E,11162,7200,,,,
459,039E,11174,4167,,,,
460,039E,11456,5000,,,,
461,039E,11462,5000,,,,
462,039E,11468,5000,,,,
463,039E,11479,7500,,,,
464,039E,11486,4166,,,,
465,039E,11510,4444,,,,
466,039E,11514,2141,,,,
467,039E,11516,2000,,,,
468,039E,11717,4166,,,,
469,039E,11724,7500,,,,
470,039E,11846,29170,,,,
471,039E,12117,30000,,,,
472,039E,12137,30000,,,,
473,039E,12156,30000,,,,
474,039E,12175,30000,,,,
475,039E,12194,30000,,,,
476,039E,12223,13381,,,,
477,039E,12241,13381,,,,
478,039E,12252,30000,,,,
479,039E,12271,30000,,,,
480,039E,12290,30000,,,,
481,039E,12309,30000,,,,
482,039E,12328,30000,,,,
483,039E,12338,11567,,,,
484,039E,12352,11567,,,,
485,039E,12367,30000,,,,
486,039E,12386,28333,,,,
487,039E,12405,30000,,,,
488,039E,12414,11567,,,,
489,039E,12428,13200,,,,
490,039E,12439,4444,,,,
491,039E,12444,28333,,,,
492,039E,12463,30000,,,,
493,039E,12524,30000,,,,
494,039E,12551,7200,,,,
495,039E,12554,9000,,,,
496,039E,12560,7200,,,,
497,039E,12565,30000,,,,
498,039E,12565,9000,,,,
499,039E,12568,9600,,,,
500,039E,12578,7200,,,,
501,039E,12593,9600,,,,
502,039E,12600,19366,,,,
503,039E,12615,7200,,,,
504,039E,12618,7200,,,,
505,039E,12630,2500,,,,
506,039E,12631,7200,,,,
507,039E,12633,5000,,,,
508,039E,12634,7200,,,,
509,039E,12638,5000,,,,
510,039E,12641,7200,,,,
511,039E,12643,2500,,,,
512,039E,12656,16363,,,,
513,039E,12656,15155,,,,
514,039E,12677,9600,,,,
515,039E,12683,7200,,,,
516,039E,12688,30000,,,,
517,039E,12693,9370,,,,
518,039E,12699,9600,,,,
519,039E,12713,6666,,,,
520,039E,12716,7200,,,,
521,039E,12719,1580,,,,
522,039E,12721,1580,,,,
523,039E,12724,6250,,,,
524,039E,12731,1580,,,,
525,039E,12733,7200,,,,
526,039E,12736,7200,,,,
527,039E,12738,1182,,,,
528,039E,19167,6630,,,,
529,038E,3717,12000,,,,
530,038E,3730,1000,,,,
531,038E,3740,5600,,,,
532,038E,3746,1500,,,,
533,038E,3750,4800,,,,
534,038E,3755,7500,,,,
535,038E,3760,1003,,,,
536,038E,3763,4100,,,,
537,038E,3770,7700,,,,
538,038E,3783,6347,,,,
539,038E,3788,1080,,,,
540,038E,3793,4000,,,,
541,038E,3800,5500,,,,
542,038E,3813,16852,,,,
543,038E,3834,6500,,,,
544,038E,3838,4791,,,,
545,038E,3846,6600,,,,
546,038E,3856,2900,,,,
547,038E,3859,2833,,,,
548,038E,3862,1850,,,,
549,038E,3865,2080,,,,
550,038E,3912,2140,,,,
551,038E,3920,4000,,,,
552,038E,3932,4000,,,,
553,038E,3952,2960,,,,
554,038E,3958,6400,,,,
555,038E,3964,6400,,,,
556,038E,3969,6943,,,,
557,038E,3979,3650,,,,
558,038E,3993,2900,,,,
559,038E,3999,2200,,,,
560,038E,4001,13333,,,,
561,038E,4011,2222,,,,
562,038E,4014,1850,,,,
563,038E,4017,2400,,,,
564,038E,4020,2450,,,,
565,038E,4022,4000,,,,
566,038E,4029,3600,,,,
567,038E,4032,3200,,,,
568,038E,4037,4800,,,,
569,038E,4042,4100,,,,
570,038E,4043,2400,,,,
571,038E,4044,2400,,,,
572,038E,4047,3600,,,,
573,038E,4052,5800,,,,
574,038E,4060,5000,,,,
575,038E,4064,3200,,,,
576,038E,4069,1000,,,,
577,038E,4075,4660,,,,
578,038E,4081,3195,,,,
579,038E,4085,3460,,,,
580,038E,4090,2035,,,,
581,038E,4093,2400,,,,
582,038E,4096,3232,,,,
583,038E,4101,2800,,,,
584,038E,4102,4340,,,,
585,038E,4104,1600,,,,
586,038E,4107,1004,,,,
587,038E,4111,1537,,,,
588,038E,4115,4800,,,,
589,038E,4125,6400,,,,
590,038E,4135,2400,,,,
591,038E,4138,1600,,,,
592,038E,4140,1570,,,,
593,038E,4160,16100,,,,
594,038E,4174,3148,,,,
595,038E,4181,5000,,,,
596,038E,4185,1650,,,,
597,038E,10958,2000,,,,
598,038E,10961,2000,,,,
599,038E,10964,2000,,,,
600,038E,10967,2000,,,,
601,038E,10970,1000,,,,
602,038E,10973,1500,,,,
603,038E,10977,5200,,,,
604,038E,10980,2400,,,,
605,038E,10983,2400,,,,
606,038E,10986,1590,,,,
607,038E,10989,1670,,,,
608,038E,10991,1600,,,,
609,038E,10998,1700,,,,
610,038E,11000,1400,,,,
611,038E,11010,1000,,,,
612,038E,11020,8000,,,,
613,038E,11031,1500,,,,
614,038E,11038,1520,,,,
615,038E,11042,1600,,,,
616,038E,11045,1600,,,,
617,038E,11049,1600,,,,
618,038E,11053,1250,,,,
619,038E,11056,1100,,,,
620,038E,11060,1600,,,,
621,038E,11064,1600,,,,
622,038E,11068,1600,,,,
623,038E,11070,1600,,,,
624,038E,11072,1500,,,,
625,038E,11075,1350,,,,
626,038E,11077,1250,,,,
627,038E,11080,1300,,,,
628,038E,11082,1250,,,,
629,038E,11084,1250,,,,
630,038E,11086,1500,,,,
631,038E,11088,2400,,,,
632,038E,11090,1600,,,,
633,038E,11093,1200,,,,
634,038E,11096,2400,,,,
635,038E,11099,2400,,,,
636,038E,11105,3812,,,,
637,038E,11108,1300,,,,
638,038E,11112,1300,,,,
639,038E,11114,1200,,,,
640,038E,11116,1200,,,,
641,038E,11123,2400,,,,
642,038E,11125,1250,,,,
643,038E,11128,1250,,,,
644,038E,11131,2500,,,,
645,038E,11134,1450,,,,
646,038E,11137,2500,,,,
647,038E,11140,1200,,,,
648,038E,11143,1300,,,,
649,038E,11147,1850,,,,
650,038E,11150,1190,,,,
651,038E,11153,1600,,,,
652,038E,11159,1000,,,,
653,038E,11167,1350,,,,
654,038E,11170,1250,,,,
655,038E,11174,1600,,,,
656,038E,11176,1200,,,,
657,038E,11178,2000,,,,
658,038E,11181,1650,,,,
659,038E,11183,1850,,,,
660,038E,11185,2000,,,,
661,038E,11187,1850,,,,
662,038E,11189,1849,,,,
663,038E,11192,2000,,,,
664,038E,12508,2000,,,,
665,038E,12514,2000,,,,
666,038E,12517,2000,,,,
667,038E,12527,2000,,,,
668,038E,12528,2000,,,,
669,038E,12530,1666,,,,
670,038E,12536,2400,,,,
671,038E,12583,1300,,,,
672,038E,12620,1200,,,,
673,038E,12669,4800,,,,
674,038E,12675,1450,,,,
675,038E,12677,1300,,,,
676,038E,12680,1300,,,,
677,038E,12686,1300,,,,
678,038E,12692,3333,,,,
679,038E,12696,3333,,,,
680,038E,12718,5200,,,,
681,036E,10996,18000,,,,
682,036E,11018,18000,,,,
683,036E,11075,2700,,,,
684,036E,11105,3333,,,,
685,036E,11111,1903,,,,
686,036E,11127,7053,,,,
687,036E,11221,30000,,,,
688,036E,11221,30000,,,,
689,036E,11262,34250,,,,
690,036E,11263,30000,,,,
691,036E,11304,30000,,,,
692,036E,11304,20000,,,,
693,036E,11345,30000,,,,
694,036E,11346,30000,,,,
695,036E,11387,30000,,,,
696,036E,11387,30000,,,,
697,036E,11428,34250,,,,
698,036E,11429,30000,,,,
699,036E,11459,7200,,,,
700,036E,11473,30000,,,,
701,036E,11484,3700,,,,
702,036E,11503,3810,,,,
703,036E,11508,2800,,,,
704,036E,11518,7070,,,,
705,036E,11521,10832,,,,
706,036E,11542,6582,,,,
707,036E,11551,25000,,,,
708,036E,11556,3333,,,,
709,036E,11560,3182,,,,
710,036E,11566,4900,,,,
711,036E,11569,5714,,,,
712,036E,11569,3200,,,,
713,036E,11583,10332,,,,
714,036E,11586,2171,,,,
715,036E,11590,3000,,,,
716,036E,11594,2500,,,,
717,036E,11598,1750,,,,
718,036E,11605,8840,,,,
719,036E,11605,5127,,,,
720,036E,11625,5572,,,,
721,036E,11634,1800,,,,
722,036E,11640,1800,,,,
723,036E,11642,25762,,,,
724,036E,11650,10000,,,,
725,036E,11679,3200,,,,
726,036E,11727,29335,,,,
727,036E,11727,27500,,,,
728,036E,11747,27500,,,,
729,036E,11747,27500,,,,
730,036E,11766,27500,,,,
731,036E,11785,27500,,,,
732,036E,11804,27500,,,,
733,036E,11804,26650,,,,
734,036E,11823,27500,,,,
735,036E,11843,27500,,,,
736,036E,11843,29335,,,,
737,036E,11862,27500,,,,
738,036E,11862,27500,,,,
739,036E,11881,27500,,,,
740,036E,11881,27500,,,,
741,036E,11900,27500,,,,
742,036E,11900,27500,,,,
743,036E,11919,27500,,,,
744,036E,11938,27500,,,,
745,036E,11958,27500,,,,
746,036E,11958,27500,,,,
747,036E,11977,27500,,,,
748,036E,11996,27500,,,,
749,036E,12015,27500,,,,
750,036E,12034,27500,,,,
751,036E,12054,27500,,,,
752,036E,12073,27500,,,,
753,036E,12092,27500,,,,
754,036E,12111,27500,,,,
755,036E,12130,27500,,,,
756,036E,12149,27500,,,,
757,036E,12149,27500,,,,
758,036E,12169,27500,,,,
759,036E,12174,4340,,,,
760,036E,12188,27500,,,,
761,036E,12190,22500,,,,
762,036E,12207,27500,,,,
763,036E,12207,27500,,,,
764,036E,12226,27500,,,,
765,036E,12226,27500,,,,
766,036E,12245,27500,,,,
767,036E,12265,27500,,,,
768,036E,12265,27500,,,,
769,036E,12284,27500,,,,
770,036E,12284,27500,,,,
771,036E,12303,27500,,,,
772,036E,12303,27500,,,,
773,036E,12322,27500,,,,
774,036E,12322,27500,,,,
775,036E,12341,27500,,,,
776,036E,12341,27500,,,,
777,036E,12360,27500,,,,
778,036E,12360,27500,,,,
779,036E,12380,27500,,,,
780,036E,12380,27500,,,,
781,036E,12399,27500,,,,
782,036E,12399,27500,,,,
783,036E,12418,27500,,,,
784,036E,12418,27500,,,,
785,036E,12437,27500,,,,
786,036E,12440,27500,,,,
787,036E,12456,27500,,,,
788,036E,12476,27500,,,,
789,036E,12476,27500,,,,
790,036E,12509,7200,,,,
791,036E,12524,5667,,,,
792,036E,12574,1667,,,,
793,036E,12619,61190,,,,
794,036E,12641,1880,,,,
795,036E,12675,767,,,,
796,036E,12677,2000,,,,
797,036E,12683,18000,,,,
798,036E,12691,1110,,,,
799,036E,12695,4750,,,,
800,036E,12734,2729,,,,
801,036E,12741,4166,,,,
802,036E,19726,46960,,,,
803,036E,19764,22000,,,,
804,036E,19766,26935,,,,
805,036E,19818,66985,,,,
806,036E,19916,57260,,,,
807,036E,19960,22000,,,,
808,036E,20015,66985,,,,
809,036E,20089,66985,,,,
810,033E,10727,42727,,,,
811,033E,10796,30000,,,,
812,033E,10883,10380,,,,
813,033E,10955,4800,,,,
814,033E,10958,7200,,,,
815,033E,10962,4800,,,,
816,033E,10965,7200,,,,
817,033E,10968,4800,,,,
818,033E,10974,4800,,,,
819,033E,10991,28800,,,,
820,033E,11022,8888,,,,
821,033E,11080,2500,,,,
822,033E,11083,17500,,,,
823,033E,11083,9600,,,,
824,033E,11086,15000,,,,
825,033E,11090,7500,,,,
826,033E,11095,9600,,,,
827,033E,11098,4800,,,,
828,033E,11104,6862,,,,
829,033E,11108,3167,,,,
830,033E,11110,5535,,,,
831,033E,11123,7200,,,,
832,033E,11130,4800,,,,
833,033E,11133,4800,,,,
834,033E,11137,9600,,,,
835,033E,11145,7500,,,,
836,033E,11149,9600,,,,
837,033E,11166,2400,,,,
838,033E,11167,4444,,,,
839,033E,11170,8890,,,,
840,033E,11170,4800,,,,
841,033E,11173,4444,,,,
842,033E,11175,4800,,,,
843,033E,11179,9600,,,,
844,033E,11182,4800,,,,
845,033E,11187,4800,,,,
846,033E,11191,9600,,,,
847,033E,11194,4800,,,,
848,033E,11212,9600,,,,
849,033E,11476,7500,,,,
850,033E,11572,4680,,,,
851,033E,11579,4680,,,,
852,033E,11608,3820,,,,
853,033E,11610,4680,,,,
854,033E,11617,4680,,,,
855,033E,11648,7200,,,,
856,033E,11652,4444,,,,
857,033E,11660,9598,,,,
858,033E,11662,15000,,,,
859,033E,12504,5000,,,,
860,033E,12507,2500,,,,
861,033E,12510,9600,,,,
862,033E,12513,4800,,,,
863,033E,12517,2222,,,,
864,033E,12521,4800,,,,
865,033E,12524,3600,,,,
866,033E,12526,9600,,,,
867,033E,12527,4800,,,,
868,033E,12533,703,,,,
869,033E,12534,7200,,,,
870,033E,12536,9600,,,,
871,033E,12539,30000,,,,
872,033E,12542,7144,,,,
873,033E,12544,7200,,,,
874,033E,12555,3818,,,,
875,033E,12558,3820,,,,
876,033E,12563,5000,,,,
877,033E,12566,14400,,,,
878,033E,12569,5000,,,,
879,033E,12572,3750,,,,
880,033E,12577,30000,,,,
881,033E,12582,7500,,,,
882,033E,12585,14400,,,,
883,033E,12587,8888,,,,
884,033E,12591,7200,,,,
885,033E,12603,9600,,,,
886,033E,12716,7200,,,,
887,033E,12726,7200,,,,
888,033E,12745,4800,,,,
889,031E,10974,27500,,,,
890,031E,10983,5000,,,,
891,031E,10986,7500,,,,
892,031E,10992,2500,,,,
893,031E,10992,2222,,,,
894,031E,11030,2500,,,,
895,031E,11037,2500,,,,
896,031E,11040,2500,,,,
897,031E,11043,2500,,,,
898,031E,11046,2500,,,,
899,031E,11047,10000,,,,
900,031E,11067,10000,,,,
901,031E,11068,6500,,,,
902,031E,11135,30000,,,,
903,031E,11515,30000,,,,
904,031E,11515,30000,,,,
905,031E,11554,28330,,,,
906,031E,11580,7744,,,,
907,031E,11630,15000,,,,
908,031E,11661,15000,,,,
909,031E,11688,1200,,,,
910,030E,3744,20000,,,,
911,030E,3848,37428,,,,
912,030E,3900,38000,,,,
913,030E,3912,45000,,,,
914,030E,3946,1000,,,,
915,030E,3948,3650,,,,
916,030E,3976,16200,,,,
917,030E,3992,9091,,,,
918,030E,4052,17185,,,,
919,030E,4053,17142,,,,
920,030E,4078,2094,,,,
921,030E,4091,16200,,,,
922,030E,4130,10000,,,,
923,030E,4167,34286,,,,
924,030E,10713,3124,,,,
925,030E,10718,3124,,,,
926,030E,10721,3125,,,,
927,030E,10724,6000,,,,
928,030E,10727,6000,,,,
929,030E,10730,3125,,,,
930,030E,10735,6000,,,,
931,030E,10738,3125,,,,
932,030E,10741,3125,,,,
933,030E,10744,3125,,,,
934,030E,10749,3125,,,,
935,030E,10752,3125,,,,
936,030E,10752,6000,,,,
937,030E,10760,29343,,,,
938,030E,10795,4800,,,,
939,030E,10800,4000,,,,
940,030E,10805,3800,,,,
941,030E,10809,3011,,,,
942,030E,10813,3000,,,,
943,030E,10818,6000,,,,
944,030E,10820,3000,,,,
945,030E,10824,4440,,,,
946,030E,10830,2600,,,,
947,030E,10839,2960,,,,
948,030E,10860,6400,,,,
949,030E,10875,6000,,,,
950,030E,10878,3124,,,,
951,030E,10881,4500,,,,
952,030E,10886,3124,,,,
953,030E,10890,3124,,,,
954,030E,10894,3124,,,,
955,030E,10898,3124,,,,
956,030E,10902,3124,,,,
957,030E,10906,3124,,,,
958,030E,10923,17000,,,,
959,030E,10935,998,,,,
960,030E,10937,3124,,,,
961,030E,10941,3124,,,,
962,030E,10945,3124,,,,
963,030E,10954,4166,,,,
964,030E,10957,6660,,,,
965,030E,10957,2960,,,,
966,030E,10958,7200,,,,
967,030E,10958,8000,,,,
968,030E,10963,2960,,,,
969,030E,10966,6660,,,,
970,030E,10967,3124,,,,
971,030E,10971,3124,,,,
972,030E,10971,7833,,,,
973,030E,10975,3124,,,,
974,030E,10975,6660,,,,
975,030E,10978,6000,,,,
976,030E,10981,2500,,,,
977,030E,10996,2500,,,,
978,030E,11000,2500,,,,
979,030E,11002,2500,,,,
980,030E,11015,4166,,,,
981,030E,11022,2500,,,,
982,030E,11025,2500,,,,
983,030E,11033,1640,,,,
984,030E,11048,2500,,,,
985,030E,11052,2960,,,,
986,030E,11064,4440,,,,
987,030E,11074,3000,,,,
988,030E,11077,2500,,,,
989,030E,11088,7000,,,,
990,030E,11091,2000,,,,
991,030E,11095,2000,,,,
992,030E,11100,2500,,,,
993,030E,11103,1480,,,,
994,030E,11103,1400,,,,
995,030E,11112,2000,,,,
996,030E,11115,1023,,,,
997,030E,11120,7500,,,,
998,030E,11121,3333,,,,
999,030E,11130,2220,,,,
1000,030E,11132,1800,,,,
1001,030E,11136,5000,,,,
1002,030E,11141,3124,,,,
1003,030E,11141,4440,,,,
1004,030E,11145,3124,,,,
1005,030E,11145,3750,,,,
1006,030E,11152,2740,,,,
1007,030E,11154,3300,,,,
1008,030E,11157,9874,,,,
1009,030E,11160,5480,,,,
1010,030E,11163,8220,,,,
1011,030E,11165,5480,,,,
1012,030E,11166,7500,,,,
1013,030E,11167,2740,,,,
1014,030E,11170,2200,,,,
1015,030E,11174,2220,,,,
1016,030E,11175,7500,,,,
1017,030E,11178,5000,,,,
1018,030E,11184,7500,,,,
1019,030E,11185,2500,,,,
1020,030E,11185,5480,,,,
1021,030E,11189,2400,,,,
1022,030E,11270,30000,,,,
1023,030E,11294,5000,,,,
1024,030E,11379,1000,,,,
1025,030E,11454,4440,,,,
1026,030E,11630,4440,,,,
1027,030E,11638,4440,,,,
1028,030E,11646,3333,,,,
1029,030E,11655,6666,,,,
1030,030E,11664,3000,,,,
1031,030E,11672,6666,,,,
1032,030E,11680,2850,,,,
1033,030E,11683,2500,,,,
1034,030E,11687,2500,,,,
1035,030E,12506,2500,,,,
1036,030E,12510,2220,,,,
1037,030E,12513,2380,,,,
1038,030E,12516,2410,,,,
1039,030E,12519,4900,,,,
1040,030E,12522,3580,,,,
1041,030E,12524,1910,,,,
1042,030E,12525,1300,,,,
1043,030E,12528,2800,,,,
1044,030E,12529,1600,,,,
1045,030E,12533,2960,,,,
1046,030E,12533,2400,,,,
1047,030E,12533,2690,,,,
1048,030E,12535,2500,,,,
1049,030E,12537,7400,,,,
1050,030E,12539,2960,,,,
1051,030E,12542,1660,,,,
1052,030E,12546,2400,,,,
1053,030E,12549,11500,,,,
1054,030E,12549,4000,,,,
1055,030E,12555,2960,,,,
1056,030E,12555,3000,,,,
1057,030E,12559,1660,,,,
1058,030E,12564,4440,,,,
1059,030E,12570,3500,,,,
1060,030E,12575,3000,,,,
1061,030E,12580,2850,,,,
1062,030E,12585,255,,,,
1063,030E,12586,2500,,,,
1064,030E,12589,3200,,,,
1065,030E,12590,1660,,,,
1066,030E,12593,1660,,,,
1067,030E,12595,5000,,,,
1068,030E,12596,1800,,,,
1069,030E,12598,1800,,,,
1070,030E,12599,3000,,,,
1071,030E,12602,3300,,,,
1072,030E,12605,2300,,,,
1073,030E,12613,2500,,,,
1074,030E,12618,1800,,,,
1075,030E,12622,4440,,,,
1076,030E,12625,1266,,,,
1077,030E,12627,54000,,,,
1078,030E,12633,4440,,,,
1079,030E,12637,2893,,,,
1080,030E,12649,15600,,,,
1081,030E,12655,3000,,,,
1082,030E,12665,2220,,,,
1083,030E,12666,2000,,,,
1084,030E,12675,5000,,,,
1085,030E,12683,3124,,,,
1086,030E,12687,3124,,,,
1087,030E,12691,3124,,,,
1088,030E,12707,2220,,,,
1089,030E,12710,3750,,,,
1090,030E,12717,7500,,,,
1091,030E,12726,2000,,,,
1092,030E,12734,1666,,,,
1093,030E,12738,4440,,,,
1094,028E,10773,23000,,,,
1095,028E,10788,23000,,,,
1096,028E,10818,23000,,,,
1097,028E,10847,23000,,,,
1098,028E,10891,22000,,,,
1099,028E,10936,23000,,,,
1100,028E,11023,23000,,,,
1101,028E,11038,23000,,,,
1102,028E,11045,17138,,,,
1103,028E,11082,23000,,,,
1104,028E,11095,30000,,,,
1105,028E,11112,23000,,,,
1106,028E,11127,22000,,,,
1107,028E,11141,23000,,,,
1108,028E,11177,3240,,,,
1109,028E,11180,3240,,,,
1110,028E,11183,2865,,,,
1111,028E,11187,2865,,,,
1112,028E,11225,27500,,,,
1113,028E,11225,23000,,,,
1114,028E,11264,27500,,,,
1115,028E,11265,27500,,,,
1116,028E,11306,27500,,,,
1117,028E,11307,27500,,,,
1118,028E,11344,27500,,,,
1119,028E,11344,27500,,,,
1120,028E,11386,27500,,,,
1121,028E,11386,27500,,,,
1122,028E,11426,29500,,,,
1123,028E,11426,27500,,,,
1124,028E,11463,9750,,,,
1125,028E,11482,4932,,,,
1126,028E,11494,22000,,,,
1127,028E,11509,23000,,,,
1128,028E,11523,23000,,,,
1129,028E,11553,23000,,,,
1130,028E,11554,34278,,,,
1131,028E,11568,22000,,,,
1132,028E,11582,23000,,,,
1133,028E,11595,30000,,,,
1134,028E,11597,22000,,,,
1135,028E,11612,22000,,,,
1136,028E,11627,22000,,,,
1137,028E,11628,20000,,,,
1138,028E,11635,30000,,,,
1139,028E,11635,29970,,,,
1140,028E,11641,23000,,,,
1141,028E,11656,22000,,,,
1142,028E,11671,23000,,,,
1143,028E,11681,22852,,,,
1144,028E,11686,23000,,,,
1145,028E,11739,31420,,,,
1146,028E,11758,27500,,,,
1147,028E,11778,27500,,,,
1148,028E,11798,30000,,,,
1149,028E,11816,27500,,,,
1150,028E,11856,27500,,,,
1151,028E,11934,27500,,,,
1152,028E,12012,27500,,,,
1153,028E,12090,29500,,,,
1154,028E,12110,27500,,,,
1155,028E,12129,27500,,,,
1156,028E,12148,27500,,,,
1157,028E,12168,27500,,,,
1158,028E,12188,27500,,,,
1159,028E,12207,27500,,,,
1160,028E,12226,27500,,,,
1161,028E,12246,27500,,,,
1162,028E,12266,27500,,,,
1163,028E,12285,27500,,,,
1164,028E,12324,27500,,,,
1165,028E,12363,27500,,,,
1166,028E,12382,29500,,,,
1167,028E,12503,2400,,,,
1168,028E,12506,4500,,,,
1169,028E,12509,9860,,,,
1170,028E,12512,4500,,,,
1171,028E,12515,4285,,,,
1172,028E,12518,15000,,,,
1173,028E,12519,14250,,,,
1174,028E,12521,7200,,,,
1175,028E,12524,7500,,,,
1176,028E,12525,30000,,,,
1177,028E,12535,5930,,,,
1178,028E,12538,7500,,,,
1179,028E,12540,4800,,,,
1180,028E,12542,15000,,,,
1181,028E,12543,7230,,,,
1182,028E,12545,22000,,,,
1183,028E,12546,3750,,,,
1184,028E,12547,7000,,,,
1185,028E,12550,3560,,,,
1186,028E,12550,9862,,,,
1187,028E,12553,7200,,,,
1188,028E,12554,1256,,,,
1189,028E,12556,3600,,,,
1190,028E,12556,6650,,,,
1191,028E,12559,3600,,,,
1192,028E,12561,4800,,,,
1193,028E,12570,4800,,,,
1194,028E,12572,14250,,,,
1195,028E,12573,3600,,,,
1196,028E,12576,9230,,,,
1197,028E,12582,7200,,,,
1198,028E,12588,9600,,,,
1199,028E,12596,7200,,,,
1200,028E,12601,14400,,,,
1201,028E,12605,30000,,,,
1202,028E,12612,2400,,,,
1203,028E,12616,15000,,,,
1204,028E,12625,3650,,,,
1205,028E,12628,7200,,,,
1206,028E,12630,6666,,,,
1207,028E,12631,15000,,,,
1208,028E,12633,9600,,,,
1209,028E,12635,7120,,,,
1210,028E,12636,15000,,,,
1211,028E,12642,7120,,,,
1212,028E,12643,4814,,,,
1213,028E,12645,32700,,,,
1214,028E,12645,3600,,,,
1215,028E,12648,5000,,,,
1216,028E,12656,7200,,,,
1217,028E,12659,2400,,,,
1218,028E,12662,2400,,,,
1219,028E,12665,2400,,,,
1220,028E,12670,7200,,,,
1221,028E,12673,4800,,,,
1222,028E,12678,4800,,,,
1223,028E,12691,24765,,,,
1224,028E,12695,7500,,,,
1225,028E,12706,3600,,,,
1226,028E,12716,7500,,,,
1227,028E,12722,22000,,,,
1228,026E,3948,3020,,,,
1229,026E,4023,5800,,,,
1230,026E,4046,8500,,,,
1231,026E,4079,51430,,,,
1232,026E,4085,3330,,,,
1233,026E,4099,20000,,,,
1234,026E,4130,34287,,,,
1235,026E,4170,34287,,,,
1236,026E,10492,1500,,,,
1237,026E,10493,1000,,,,
1238,026E,10493.85,1000,,,,
1239,026E,10494.81,500,,,,
1240,026E,10495.8,1000,,,,
1241,026E,10496,1000,,,,
1242,026E,10497.8,333,,,,
1243,026E,10497.84,333,,,,
1244,026E,10498.25,333,,,,
1245,026E,10499,333,,,,
1246,026E,10730,27500,,,,
1247,026E,10730,30000,,,,
1248,026E,10770,27500,,,,
1249,026E,10770,27500,,,,
1250,026E,10810,27500,,,,
1251,026E,10810,27500,,,,
1252,026E,10850,27500,,,,
1253,026E,10850,27500,,,,
1254,026E,10890,27500,,,,
1255,026E,10954,790,,,,
1256,026E,10956,3300,,,,
1257,026E,10960,3330,,,,
1258,026E,10960,2800,,,,
1259,026E,10964,3500,,,,
1260,026E,10971,1290,,,,
1261,026E,10974,3750,,,,
1262,026E,10985,2192,,,,
1263,026E,10995,9500,,,,
1264,026E,11005,1280,,,,
1265,026E,11006,2360,,,,
1266,026E,11015,460,,,,
1267,026E,11022,4444,,,,
1268,026E,11023,2500,,,,
1269,026E,11045,27500,,,,
1270,026E,11061,11427,,,,
1271,026E,11068,1665,,,,
1272,026E,11071,1665,,,,
1273,026E,11073,3750,,,,
1274,026E,11092,9932,,,,
1275,026E,11093,11426,,,,
1276,026E,11108,2500,,,,
1277,026E,11113,1614,,,,
1278,026E,11174,47615,,,,
1279,026E,11180,27500,,,,
1280,026E,11230,27500,,,,
1281,026E,11230,27500,,,,
1282,026E,11270,27500,,,,
1283,026E,11310,27500,,,,
1284,026E,11310,30000,,,,
1285,026E,11350,27500,,,,
1286,026E,11350,27500,,,,
1287,026E,11390,27500,,,,
1288,026E,11390,27500,,,,
1289,026E,11430,27500,,,,
1290,026E,11455,2500,,,,
1291,026E,11464,2720,,,,
1292,026E,11475,2400,,,,
1293,026E,11478,2000,,,,
1294,026E,11481,6500,,,,
1295,026E,11490,1140,,,,
1296,026E,11491,180,,,,
1297,026E,11492,2500,,,,
1298,026E,11494,1660,,,,
1299,026E,11496,1660,,,,
1300,026E,11500,1626,,,,
1301,026E,11500,1660,,,,
1302,026E,11502,1660,,,,
1303,026E,11504,900,,,,
1304,026E,11515,32730,,,,
1305,026E,11516,3500,,,,
1306,026E,11517,16360,,,,
1307,026E,11523,1483,,,,
1308,026E,11523,4440,,,,
1309,026E,11547,27500,,,,
1310,026E,11566,30000,,,,
1311,026E,11574,10000,,,,
1312,026E,11599,1714,,,,
1313,026E,11604,27500,,,,
1314,026E,11623,27500,,,,
1315,026E,11628,3333,,,,
1316,026E,11649,1346,,,,
1317,026E,11654,5925,,,,
1318,026E,11657,1714,,,,
1319,026E,11661,3330,,,,
1320,026E,11665,2416,,,,
1321,026E,11669,5000,,,,
1322,026E,11674,4833,,,,
1323,026E,11675,30000,,,,
1324,026E,11686,2416,,,,
1325,026E,11689,2416,,,,
1326,026E,11747,27500,,,,
1327,026E,11785,27500,,,,
1328,026E,11862,27500,,,,
1329,026E,11881,27500,,,,
1330,026E,11900,27500,,,,
1331,026E,11919,27500,,,,
1332,026E,11938,27500,,,,
1333,026E,11958,27500,,,,
1334,026E,11977,27500,,,,
1335,026E,11996,27500,,,,
1336,026E,12054,27500,,,,
1337,026E,12073,27500,,,,
1338,026E,12092,27500,,,,
1339,026E,12111,27500,,,,
1340,026E,12130,30000,,,,
1341,026E,12149,27500,,,,
1342,026E,12169,22000,,,,
1343,026E,12226,27500,,,,
1344,026E,12245,27500,,,,
1345,026E,12265,30000,,,,
1346,026E,12265,27500,,,,
1347,026E,12284,27500,,,,
1348,026E,12284,30000,,,,
1349,026E,12303,27500,,,,
1350,026E,12303,32000,,,,
1351,026E,12322,30000,,,,
1352,026E,12360,27500,,,,
1353,026E,12380,27500,,,,
1354,026E,12399,27500,,,,
1355,026E,12418,27500,,,,
1356,026E,12437,27500,,,,
1357,026E,12456,27500,,,,
1358,026E,12476,27500,,,,
1359,026E,12523,27500,,,,
1360,026E,12523,27500,,,,
1361,026E,12551,12300,,,,
1362,026E,12563,27500,,,,
1363,026E,12566,1500,,,,
1364,026E,12569,2500,,,,
1365,026E,12588,7000,,,,
1366,026E,12608,26000,,,,
1367,026E,12643,27500,,,,
1368,026E,12646,4570,,,,
1369,026E,12656,10000,,,,
1370,026E,12667,4444,,,,
1371,026E,12670,7200,,,,
1372,026E,12673,4444,,,,
1373,026E,12677,4444,,,,
1374,026E,12693,2000,,,,
1375,026E,12705,2400,,,,
1376,026E,12708,7200,,,,
1377,026E,12714,7200,,,,
1378,026E,12717,2500,,,,
1379,026E,12724,2220,,,,
1380,026E,12729,3330,,,,
1381,026E,12730,3330,,,,
1382,026E,12733,3500,,,,
1383,026E,12735,3800,,,,
1384,026E,12736,7400,,,,
1385,026E,12739,3600,,,,
1386,026E,20030,49079,,,,
1387,026E,21420,27500,,,,
1388,026E,21429,41658,,,,
1389,026E,21459,27500,,,,
1390,026E,21479,27500,,,,
1391,026E,21517,27500,,,,
1392,026E,21555,27500,,,,
1393,026E,21594,27500,,,,
1394,026E,21613,27500,,,,
1395,026E,21632,27500,,,,
1396,026E,21662,41666,,,,
1397,026E,21670,27500,,,,
1398,023E,11460,4936,,,,
1399,023E,11463,10000,,,,
1400,023E,11466,4800,,,,
1401,023E,11471,22000,,,,
1402,023E,11474,9876,,,,
1403,023E,11477,3600,,,,
1404,023E,11480,7200,,,,
1405,023E,11486,15000,,,,
1406,023E,11489,7200,,,,
1407,023E,11498,3750,,,,
1408,023E,11501,7200,,,,
1409,023E,11503,9600,,,,
1410,023E,11506,4936,,,,
1411,023E,11509,7000,,,,
1412,023E,11512,7300,,,,
1413,023E,11514,30610,,,,
1414,023E,11514,3000,,,,
1415,023E,11517,4936,,,,
1416,023E,11520,7300,,,,
1417,023E,11524,9876,,,,
1418,023E,11527,9876,,,,
1419,023E,11530,7200,,,,
1420,023E,11540,7200,,,,
1421,023E,11552,4800,,,,
1422,023E,11581,2400,,,,
1423,023E,11584,2400,,,,
1424,023E,11587,2400,,,,
1425,023E,11590,2400,,,,
1426,023E,11593,2400,,,,
1427,023E,11596,2400,,,,
1428,023E,11599,2400,,,,
1429,023E,11603,2400,,,,
1430,023E,11606,9600,,,,
1431,023E,11621,7500,,,,
1432,023E,11624,9875,,,,
1433,023E,11627,14400,,,,
1434,023E,11629,20000,,,,
1435,023E,11634,30000,,,,
1436,023E,11635,3700,,,,
1437,023E,11637,30000,,,,
1438,023E,11640,7500,,,,
1439,023E,11644,4800,,,,
1440,023E,11648,7200,,,,
1441,023E,11651,3600,,,,
1442,023E,11660,3600,,,,
1443,023E,11662,7120,,,,
1444,023E,11665,9600,,,,
1445,023E,11667,15000,,,,
1446,023E,11668,3188,,,,
1447,023E,11670,7200,,,,
1448,023E,11671,7200,,,,
1449,023E,11672,22000,,,,
1450,023E,11675,28800,,,,
1451,023E,11680,7200,,,,
1452,023E,11683,3200,,,,
1453,023E,11686,2400,,,,
1454,023E,11690,3600,,,,
1455,023E,11720,31430,,,,
1456,023E,11739,29900,,,,
1457,023E,11758,31430,,,,
1458,023E,11856,29900,,,,
1459,023E,11895,25715,,,,
1460,023E,11914,30000,,,,
1461,023E,11934,29900,,,,
1462,023E,11973,29900,,,,
1463,023E,12012,29900,,,,
1464,023E,12032,27500,,,,
1465,023E,12070,27500,,,,
1466,023E,12090,29900,,,,
1467,023E,12110,29900,,,,
1468,023E,12129,29900,,,,
1469,023E,12168,27500,,,,
1470,023E,12188,29900,,,,
1471,023E,12266,29900,,,,
1472,023E,12285,30000,,,,
1473,023E,12344,29900,,,,
1474,023E,12363,29500,,,,
1475,023E,12402,30000,,,,
1476,023E,12422,30000,,,,
1477,023E,12441,30000,,,,
1478,023E,12460,30000,,,,
1479,023E,12480,30000,,,,
1480,023E,12530,7200,,,,
1481,023E,12551,3254,,,,
1482,023E,12566,7200,,,,
1483,023E,12635,3250,,,,
1484,023E,12638,1900,,,,
1485,023E,12668,1900,,,,
1486,023E,12672,7500,,,,
1487,023E,12675,9876,,,,
1488,023E,12678,15000,,,,
1489,023E,12681,4938,,,,
1490,023E,12685,22000,,,,
1491,023E,12685,30000,,,,
1492,023E,12698,7200,,,,
1493,023E,12701,4938,,,,
1494,023E,12711,4800,,,,
1495,023E,12712,7200,,,,
1496,023E,12714,7200,,,,
1497,023E,12715,14250,,,,
1498,023E,12717,4800,,,,
1499,023E,12719,7500,,,,
1500,023E,12720,7200,,,,
1501,023E,12723,3333,,,,
1502,023E,12723,4800,,,,
1503,023E,12726,7200,,,,
1504,023E,12727,3333,,,,
1505,023E,12729,7200,,,,
1506,023E,12732,9600,,,,
1507,023E,12735,15000,,,,
1508,023E,12735,7200,,,,
1509,023E,12738,7200,,,,
1510,023E,12741,2400,,,,
1511,023E,21490,6070,,,,
1512,023E,21500,1014,,,,
1513,023E,21506,3636,,,,
1514,023E,21511,6070,,,,
1515,023E,21521,3795,,,,
1516,023E,21568,2850,,,,
1517,023E,21591,2850,,,,
1518,023E,21594,2850,,,,
1519,023E,21601,2850,,,,
1520,021E,10712,12200,,,,
1521,021E,10723,32115,,,,
1522,021E,10856,30000,,,,
1523,021E,10952,2200,,,,
1524,021E,10955,2220,,,,
1525,021E,10958,2950,,,,
1526,021E,10961,2500,,,,
1527,021E,10968,3300,,,,
1528,021E,10970,6000,,,,
1529,021E,10979,3333,,,,
1530,021E,10983,1000,,,,
1531,021E,10988,2300,,,,
1532,021E,10996,7500,,,,
1533,021E,10996,10000,,,,
1534,021E,11001,10000,,,,
1535,021E,11002,5832,,,,
1536,021E,11006,7500,,,,
1537,021E,11006,3332,,,,
1538,021E,11009,5832,,,,
1539,021E,11009,10000,,,,
1540,021E,11012,3300,,,,
1541,021E,11015,7500,,,,
1542,021E,11020,3300,,,,
1543,021E,11023,7500,,,,
1544,021E,11027,2000,,,,
1545,021E,11029,2000,,,,
1546,021E,11036,2100,,,,
1547,021E,11036,2500,,,,
1548,021E,11039,1060,,,,
1549,021E,11047,3200,,,,
1550,021E,11078,8888,,,,
1551,021E,11081,10000,,,,
1552,021E,11088,8888,,,,
1553,021E,11092,10000,,,,
1554,021E,11092,5925,,,,
1555,021E,11106,2667,,,,
1556,021E,11109,1093,,,,
1557,021E,11111,2400,,,,
1558,021E,11111,2666,,,,
1559,021E,11114,2500,,,,
1560,021E,11114,2480,,,,
1561,021E,11117,2200,,,,
1562,021E,11126,7200,,,,
1563,021E,11131,15000,,,,
1564,021E,11135,7200,,,,
1565,021E,11144,7200,,,,
1566,021E,11153,2500,,,,
1567,021E,11156,7200,,,,
1568,021E,11162,7200,,,,
1569,021E,11164,1669,,,,
1570,021E,11179,2700,,,,
1571,021E,11189,9690,,,,
1572,021E,11192,1626,,,,
1573,021E,11222,30000,,,,
1574,021E,11230,27500,,,,
1575,021E,11262,24000,,,,
1576,021E,11267,7618,,,,
1577,021E,11315,4970,,,,
1578,021E,11330,21417,,,,
1579,021E,11345,36000,,,,
1580,021E,11366,30000,,,,
1581,021E,11401,6636,,,,
1582,021E,11464,3300,,,,
1583,021E,11470,2000,,,,
1584,021E,11473,2200,,,,
1585,021E,11475,2300,,,,
1586,021E,11476,2200,,,,
1587,021E,11478,825,,,,
1588,021E,11479,2200,,,,
1589,021E,11480,2200,,,,
1590,021E,11482,2240,,,,
1591,021E,11483,2200,,,,
1592,021E,11484,2240,,,,
1593,021E,11484,2160,,,,
1594,021E,11487,2080,,,,
1595,021E,11497,1600,,,,
1596,021E,11500,2300,,,,
1597,021E,11503,2900,,,,
1598,021E,11503,1515,,,,
1599,021E,11507,1800,,,,
1600,021E,11508,2963,,,,
1601,021E,11510,2000,,,,
1602,021E,11511,1667,,,,
1603,021E,11512,2300,,,,
1604,021E,11520,7200,,,,
1605,021E,11520,2856,,,,
1606,021E,11523,2000,,,,
1607,021E,11524,2000,,,,
1608,021E,11525,6556,,,,
1609,021E,11526,2200,,,,
1610,021E,11528,4800,,,,
1611,021E,11528,2500,,,,
1612,021E,11530,4166,,,,
1613,021E,11539,3333,,,,
1614,021E,11540,2307,,,,
1615,021E,11549,2916,,,,
1616,021E,11552,2222,,,,
1617,021E,11554,32720,,,,
1618,021E,11555,2000,,,,
1619,021E,11559,5000,,,,
1620,021E,11564,3333,,,,
1621,021E,11567,2850,,,,
1622,021E,11572,3333,,,,
1623,021E,11575,5830,,,,
1624,021E,11577,512,,,,
1625,021E,11579,2500,,,,
1626,021E,11581,5000,,,,
1627,021E,11583,8000,,,,
1628,021E,11583,2850,,,,
1629,021E,11585,2500,,,,
1630,021E,11587,5000,,,,
1631,021E,11588,4166,,,,
1632,021E,11591,4444,,,,
1633,021E,11591,4166,,,,
1634,021E,11595,7500,,,,
1635,021E,11598,2222,,,,
1636,021E,11599,255,,,,
1637,021E,11599.34,186,,,,
1638,021E,11600.41,170,,,,
1639,021E,11602,4400,,,,
1640,021E,11602.57,170,,,,
1641,021E,11603.86,186,,,,
1642,021E,11604.01,175,,,,
1643,021E,11604.31,175,,,,
1644,021E,11604.52,180,,,,
1645,021E,11606,1000,,,,
1646,021E,11609,4400,,,,
1647,021E,11612,8750,,,,
1648,021E,11614,4400,,,,
1649,021E,11616,2600,,,,
1650,021E,11618,27500,,,,
1651,021E,11622,1250,,,,
1652,021E,11626,3300,,,,
1653,021E,11627,14400,,,,
1654,021E,11628,4400,,,,
1655,021E,11637,1600,,,,
1656,021E,11640,2333,,,,
1657,021E,11643,1667,,,,
1658,021E,11645,1600,,,,
1659,021E,11648,1600,,,,
1660,021E,11650,1600,,,,
1661,021E,11652,1600,,,,
1662,021E,11654,1600,,,,
1663,021E,11656,2850,,,,
1664,021E,11656,2500,,,,
1665,021E,11659,3220,,,,
1666,021E,11661,2000,,,,
1667,021E,11662,3220,,,,
1668,021E,11663,2295,,,,
1669,021E,11666,2500,,,,
1670,021E,11670,1900,,,,
1671,021E,11671,2917,,,,
1672,021E,11674,2200,,,,
1673,021E,11675,3214,,,,
1674,021E,11678,2850,,,,
1675,021E,11683,5700,,,,
1676,021E,11684,1100,,,,
1677,021E,11687,2500,,,,
1678,021E,11690,2960,,,,
1679,021E,11692,1100,,,,
1680,021E,11696,1481,,,,
1681,021E,11699,2200,,,,
1682,021E,12505,2250,,,,
1683,021E,12507,3751,,,,
1684,021E,12509,3213,,,,
1685,021E,12510,2222,,,,
1686,021E,12512,2532,,,,
1687,021E,12516,2200,,,,
1688,021E,12521,2856,,,,
1689,021E,12521,3213,,,,
1690,021E,12524,3333,,,,
1691,021E,12524,4297,,,,
1692,021E,12527,2220,,,,
1693,021E,12527,4297,,,,
1694,021E,12527,7200,,,,
1695,021E,12532,725,,,,
1696,021E,12533,3333,,,,
1697,021E,12536,2200,,,,
1698,021E,12541,6111,,,,
1699,021E,12544,4297,,,,
1700,021E,12554,7200,,,,
1701,021E,12557,2900,,,,
1702,021E,12567,2592,,,,
1703,021E,12573,2592,,,,
1704,021E,12577,2592,,,,
1705,021E,12580,1600,,,,
1706,021E,12594,9874,,,,
1707,021E,12597,14400,,,,
1708,021E,12615,14400,,,,
1709,021E,12618,7200,,,,
1710,021E,12643,9600,,,,
1711,021E,12648,4444,,,,
1712,021E,12651,2333,,,,
1713,021E,12657,3600,,,,
1714,021E,12663,3200,,,,
1715,021E,12670,5632,,,,
1716,021E,12674,3750,,,,
1717,021E,12678,10170,,,,
1718,021E,12698,4374,,,,
1719,021E,12704,4094,,,,
1720,021E,12719,7362,,,,
1721,021E,12720,1800,,,,
1722,021E,12722,1500,,,,
1723,021E,12732,7200,,,,
1724,021E,12745,3000,,,,
1725,021E,12748,2600,,,,
1726,020E,3567,4100,,,,
1727,020E,3572,4100,,,,
1728,020E,3613,4314,,,,
1729,020E,3719,6136,,,,
1730,020E,3747,4270,,,,
1731,020E,3866,1150,,,,
1732,020E,3884,27500,,,,
1733,020E,3921,28570,,,,
1734,020E,3934,27500,,,,
1735,020E,3965,31649,,,,
1736,020E,3975,31200,,,,
1737,020E,4007,22000,,,,
1738,020E,4021,1000,,,,
1739,020E,4027,1333,,,,
1740,020E,4049,25800,,,,
1741,020E,4054,34285,,,,
1742,020E,4069,3800,,,,
1743,020E,4104,17332,,,,
1744,020E,4136,34285,,,,
1745,020E,4167,31676,,,,
1746,020E,4193,1262,,,,
1747,019E,10758,22000,,,,
1748,019E,10773,22000,,,,
1749,019E,10788,22000,,,,
1750,019E,10803,22000,,,,
1751,019E,10818,22000,,,,
1752,019E,10832,22000,,,,
1753,019E,10847,22000,,,,
1754,019E,10876,22000,,,,
1755,019E,10891,22000,,,,
1756,019E,10906,22000,,,,
1757,019E,10921,22000,,,,
1758,019E,10936,22000,,,,
1759,019E,10964,22000,,,,
1760,019E,10979,22000,,,,
1761,019E,10994,22000,,,,
1762,019E,11009,23500,,,,
1763,019E,11038,22000,,,,
1764,019E,11053,22000,,,,
1765,019E,11068,22000,,,,
1766,019E,11082,22000,,,,
1767,019E,11097,22000,,,,
1768,019E,11112,22000,,,,
1769,019E,11127,22000,,,,
1770,019E,11141,23500,,,,
1771,019E,11156,22000,,,,
1772,019E,11171,22000,,,,
1773,019E,11186,22000,,,,
1774,019E,11208,7200,,,,
1775,019E,11221,7200,,,,
1776,019E,11229,22000,,,,
1777,019E,11244,22000,,,,
1778,019E,11259,22000,,,,
1779,019E,11273,22000,,,,
1780,019E,11288,22000,,,,
1781,019E,11303,22000,,,,
1782,019E,11318,22000,,,,
1783,019E,11324,7200,,,,
1784,019E,11327,9875,,,,
1785,019E,11333,4936,,,,
1786,019E,11347,22000,,,,
1787,019E,11362,22000,,,,
1788,019E,11377,22000,,,,
1789,019E,11391,22000,,,,
1790,019E,11400,9875,,,,
1791,019E,11421,22000,,,,
1792,019E,11429,9875,,,,
1793,019E,11442,9875,,,,
1794,019E,11464,22000,,,,
1795,019E,11494,22000,,,,
1796,019E,11509,22000,,,,
1797,019E,11523,22000,,,,
1798,019E,11538,22000,,,,
1799,019E,11553,22000,,,,
1800,019E,11559,9874,,,,
1801,019E,11572,9874,,,,
1802,019E,11575,9874,,,,
1803,019E,11582,22000,,,,
1804,019E,11589,7200,,,,
1805,019E,11598,7200,,,,
1806,019E,11600,4800,,,,
1807,019E,11604,2200,,,,
1808,019E,11605,7200,,,,
1809,019E,11606,1000,,,,
1810,019E,11618,7200,,,,
1811,019E,11620,9875,,,,
1812,019E,11632,7200,,,,
1813,019E,11645,68570,,,,
1814,019E,11648,7200,,,,
1815,019E,11651,68570,,,,
1816,019E,11656,7200,,,,
1817,019E,11671,22000,,,,
1818,019E,11694,940,,,,
1819,019E,11695,285,,,,
1820,019E,11697,2915,,,,
1821,019E,11739,27500,,,,
1822,019E,11758,27500,,,,
1823,019E,11778,29500,,,,
1824,019E,11798,27500,,,,
1825,019E,11817,31428,,,,
1826,019E,11836,27500,,,,
1827,019E,11856,29700,,,,
1828,019E,11876,34288,,,,
1829,019E,11895,29700,,,,
1830,019E,11914,27500,,,,
1831,019E,11934,29700,,,,
1832,019E,11954,27500,,,,
1833,019E,11973,27500,,,,
1834,019E,11992,27500,,,,
1835,019E,12012,29700,,,,
1836,019E,12032,27500,,,,
1837,019E,12051,27500,,,,
1838,019E,12090,29700,,,,
1839,019E,12110,27500,,,,
1840,019E,12148,27500,,,,
1841,019E,12168,29700,,,,
1842,019E,12188,27500,,,,
1843,019E,12207,29700,,,,
1844,019E,12226,27500,,,,
1845,019E,12246,30940,,,,
1846,019E,12285,29700,,,,
1847,019E,12304,27500,,,,
1848,019E,12324,29700,,,,
1849,019E,12344,30000,,,,
1850,019E,12363,27500,,,,
1851,019E,12382,27500,,,,
1852,019E,12402,29700,,,,
1853,019E,12422,27500,,,,
1854,019E,12441,27500,,,,
1855,019E,12460,27500,,,,
1856,019E,12480,27500,,,,
1857,019E,12515,22000,,,,
1858,019E,12545,22000,,,,
1859,019E,12552,22000,,,,
1860,019E,12574,22000,,,,
1861,019E,12604,22000,,,,
1862,019E,12610,22000,,,,
1863,019E,12633,22000,,,,
1864,019E,12640,23500,,,,
1865,019E,12663,22000,,,,
1866,019E,12670,23500,,,,
1867,019E,12728,23500,,,,
1868,017E,3703,5000,,,,
1869,017E,3733,10000,,,,
1870,017E,3757,11647,,,,
1871,017E,3880,1667,,,,
1872,017E,4118,1100,,,,
1873,017E,11718,30000,,,,
1874,017E,11881,30000,,,,
1875,017E,11968,34030,,,,
1876,017E,12169,30000,,,,
1877,017E,12216,30000,,,,
1878,017E,12333,30000,,,,
1879,017E,12707,5835,,,,
1880,017E,20001,44765,,,,
1881,017E,20728,10000,,,,
1882,017E,20740,10000,,,,
1883,017E,20750,10000,,,,
1884,017E,20766,20000,,,,
1885,017E,20865,3000,,,,
1886,017E,20900,499,,,,
1887,016E,10721,30000,,,,
1888,016E,10762,30000,,,,
1889,016E,10804,29950,,,,
1890,016E,10804,30000,,,,
1891,016E,10845,30000,,,,
1892,016E,10845,30000,,,,
1893,016E,10887,30000,,,,
1894,016E,10887,30000,,,,
1895,016E,10928,30000,,,,
1896,016E,10928,30000,,,,
1897,016E,10957,3333,,,,
1898,016E,10961,3333,,,,
1899,016E,10961,2400,,,,
1900,016E,10964,14000,,,,
1901,016E,10964,14400,,,,
1902,016E,10967,3750,,,,
1903,016E,10968,7200,,,,
1904,016E,10969,5632,,,,
1905,016E,10973,3000,,,,
1906,016E,10977,7500,,,,
1907,016E,10981,3750,,,,
1908,016E,10985,9600,,,,
1909,016E,10988,9714,,,,
1910,016E,10990,3400,,,,
1911,016E,10994,4937,,,,
1912,016E,10996,5713,,,,
1913,016E,10997,7200,,,,
1914,016E,11000,13000,,,,
1915,016E,11000,5000,,,,
1916,016E,11003,6111,,,,
1917,016E,11006,4937,,,,
1918,016E,11006,5000,,,,
1919,016E,11012,4937,,,,
1920,016E,11015,7200,,,,
1921,016E,11016,7200,,,,
1922,016E,11019,14400,,,,
1923,016E,11021,9700,,,,
1924,016E,11022,7200,,,,
1925,016E,11024,3333,,,,
1926,016E,11025,6111,,,,
1927,016E,11041,2916,,,,
1928,016E,11053.07,176,,,,
1929,016E,11054.09,365,,,,
1930,016E,11054.88,176,,,,
1931,016E,11055,27500,,,,
1932,016E,11055.22,354,,,,
1933,016E,11055.72,376,,,,
1934,016E,11059,3400,,,,
1935,016E,11061,4165,,,,
1936,016E,11061,7200,,,,
1937,016E,11064,3600,,,,
1938,016E,11064,3200,,,,
1939,016E,11080,10000,,,,
1940,016E,11083,10000,,,,
1941,016E,11094,27500,,,,
1942,016E,11103,14400,,,,
1943,016E,11106,7120,,,,
1944,016E,11108,7200,,,,
1945,016E,11126,7200,,,,
1946,016E,11130,9876,,,,
1947,016E,11135,7200,,,,
1948,016E,11139,27500,,,,
1949,016E,11139,5000,,,,
1950,016E,11144,7200,,,,
1951,016E,11150,14400,,,,
1952,016E,11153,7200,,,,
1953,016E,11157,12850,,,,
1954,016E,11163,6666,,,,
1955,016E,11166,14400,,,,
1956,016E,11172,7200,,,,
1957,016E,11176,10000,,,,
1958,016E,11178,27500,,,,
1959,016E,11179,14400,,,,
1960,016E,11182,7200,,,,
1961,016E,11184,14400,,,,
1962,016E,11189,7200,,,,
1963,016E,11192,5000,,,,
1964,016E,11216,22500,,,,
1965,016E,11231,42000,,,,
1966,016E,11234,7500,,,,
1967,016E,11262,30000,,,,
1968,016E,11283,30000,,,,
1969,016E,11324,30000,,,,
1970,016E,11366,30000,,,,
1971,016E,11387,32000,,,,
1972,016E,11401,17500,,,,
1973,016E,11429,28330,,,,
1974,016E,11471,30000,,,,
1975,016E,11471,30000,,,,
1976,016E,11471,30000,,,,
1977,016E,11512,30000,,,,
1978,016E,11512,30000,,,,
1979,016E,11512,29950,,,,
1980,016E,11554,30000,,,,
1981,016E,11554,30000,,,,
1982,016E,11554,30000,,,,
1983,016E,11595,30000,,,,
1984,016E,11595,30000,,,,
1985,016E,11596,29980,,,,
1986,016E,11637,30000,,,,
1987,016E,11637,30000,,,,
1988,016E,11637,30000,,,,
1989,016E,11678,30000,,,,
1990,016E,11678,30000,,,,
1991,016E,12507,1585,,,,
1992,016E,12508,4937,,,,
1993,016E,12511,7200,,,,
1994,016E,12514,3165,,,,
1995,016E,12516,4937,,,,
1996,016E,12517,3200,,,,
1997,016E,12520,7120,,,,
1998,016E,12522,10833,,,,
1999,016E,12524,4800,,,,
2000,016E,12533,10832,,,,
2001,016E,12537,13910,,,,
2002,016E,12543,3166,,,,
2003,016E,12549,6332,,,,
2004,016E,12550,7200,,,,
2005,016E,12552,9500,,,,
2006,016E,12556,6333,,,,
2007,016E,12559,9500,,,,
2008,016E,12562,30000,,,,
2009,016E,12563,3703,,,,
2010,016E,12567,405,,,,
2011,016E,12568,16667,,,,
2012,016E,12568,405,,,,
2013,016E,12571,4937,,,,
2014,016E,12589,146,,,,
2015,016E,12589,7200,,,,
2016,016E,12593,2500,,,,
2017,016E,12595,15000,,,,
2018,016E,12597,14400,,,,
2019,016E,12601,19200,,,,
2020,016E,12602,2850,,,,
2021,016E,12604,30000,,,,
2022,016E,12605,1415,,,,
2023,016E,12605,7125,,,,
2024,016E,12606,30000,,,,
2025,016E,12607,2850,,,,
2026,016E,12610,19200,,,,
2027,016E,12610,2735,,,,
2028,016E,12618,9600,,,,
2029,016E,12621,8140,,,,
2030,016E,12625,1650,,,,
2031,016E,12625,2200,,,,
2032,016E,12625,3615,,,,
2033,016E,12628,3165,,,,
2034,016E,12628,1650,,,,
2035,016E,12628,2200,,,,
2036,016E,12630,3615,,,,
2037,016E,12634,13000,,,,
2038,016E,12643,27500,,,,
2039,016E,12648,5000,,,,
2040,016E,12653,3167,,,,
2041,016E,12657,3167,,,,
2042,016E,12660,4100,,,,
2043,016E,12674,3166,,,,
2044,016E,12677,7000,,,,
2045,016E,12679,5000,,,,
2046,016E,12682,7425,,,,
2047,016E,12687,30000,,,,
2048,016E,12689,6000,,,,
2049,016E,12692,9600,,,,
2050,016E,12693,2222,,,,
2051,016E,12695,7200,,,,
2052,016E,12698,6000,,,,
2053,016E,12699,9880,,,,
2054,016E,12701,4800,,,,
2055,016E,12704,6000,,,,
2056,016E,12706,2670,,,,
2057,016E,12707,8000,,,,
2058,016E,12710,3550,,,,
2059,016E,12712,2670,,,,
2060,016E,12713,3166,,,,
2061,016E,12716,4167,,,,
2062,016E,12719,5000,,,,
2063,016E,12720,6000,,,,
2064,016E,12723,7200,,,,
2065,016E,12724,4100,,,,
2066,016E,12728,6000,,,,
2067,016E,12731,1697,,,,
2068,016E,12731,19200,,,,
2069,016E,12734,3780,,,,
2070,016E,12734,13333,,,,
2071,016E,12737,9876,,,,
2072,016E,12738,2666,,,,
2073,016E,12740,2400,,,,
2074,016E,12743,4936,,,,
2075,016E,12743,1000,,,,
2076,016E,21534,1833,,,,
2077,016E,21538,1054,,,,
2078,016E,21557,1250,,,,
2079,016E,21562,1010,,,,
2080,016E,21563,1250,,,,
2081,016E,21564,128,,,,
2082,016E,21568,1383,,,,
2083,016E,21572,2900,,,,
2084,016E,21576,3675,,,,
2085,016E,21578,2291,,,,
2086,013E,10719,27500,,,,
2087,013E,10727,30000,,,,
2088,013E,10758,27500,,,,
2089,013E,10796,27500,,,,
2090,013E,10853,29900,,,,
2091,013E,10873,27500,,,,
2092,013E,10911,27500,,,,
2093,013E,10930,30000,,,,
2094,013E,10949,27500,,,,
2095,013E,10971,29700,,,,
2096,013E,10992,27500,,,,
2097,013E,11013,29900,,,,
2098,013E,11034,27500,,,,
2099,013E,11075,30000,,,,
2100,013E,11096,30000,,,,
2101,013E,11117,27500,,,,
2102,013E,11137,27500,,,,
2103,013E,11158,27500,,,,
2104,013E,11179,27500,,,,
2105,013E,11187,7200,,,,
2106,013E,11190,14400,,,,
2107,013E,11199,9600,,,,
2108,013E,11211,9600,,,,
2109,013E,11219,33000,,,,
2110,013E,11240,27500,,,,
2111,013E,11258,27500,,,,
2112,013E,11278,27500,,,,
2113,013E,11296,27500,,,,
2114,013E,11334,27500,,,,
2115,013E,11355,27500,,,,
2116,013E,11373,27500,,,,
2117,013E,11393,27500,,,,
2118,013E,11411,27500,,,,
2119,013E,11432,29900,,,,
2120,013E,11449,27500,,,,
2121,013E,11470,33000,,,,
2122,013E,11488,27500,,,,
2123,013E,11508,27500,,,,
2124,013E,11526,33000,,,,
2125,013E,11566,29900,,,,
2126,013E,11585,27500,,,,
2127,013E,11590,7200,,,,
2128,013E,11599,7200,,,,
2129,013E,11615,14400,,,,
2130,013E,11628,7200,,,,
2131,013E,11633,14400,,,,
2132,013E,11639,2222,,,,
2133,013E,11642,27500,,,,
2134,013E,11662,27500,,,,
2135,013E,11681,27500,,,,
2136,013E,11727,29900,,,,
2137,013E,11747,27500,,,,
2138,013E,11766,29900,,,,
2139,013E,11785,27500,,,,
2140,013E,11804,30000,,,,
2141,013E,11823,27500,,,,
2142,013E,11843,29900,,,,
2143,013E,11862,29900,,,,
2144,013E,11881,27500,,,,
2145,013E,11919,29900,,,,
2146,013E,11938,30000,,,,
2147,013E,11958,27500,,,,
2148,013E,11977,29900,,,,
2149,013E,11996,29900,,,,
2150,013E,12015,27500,,,,
2151,013E,12034,29900,,,,
2152,013E,12054,29900,,,,
2153,013E,12073,29900,,,,
2154,013E,12111,27500,,,,
2155,013E,12130,30000,,,,
2156,013E,12149,27500,,,,
2157,013E,12169,30000,,,,
2158,013E,12188,27500,,,,
2159,013E,12207,29900,,,,
2160,013E,12226,27500,,,,
2161,013E,12265,27500,,,,
2162,013E,12284,27500,,,,
2163,013E,12303,27500,,,,
2164,013E,12322,27500,,,,
2165,013E,12341,29900,,,,
2166,013E,12380,30000,,,,
2167,013E,12399,29700,,,,
2168,013E,12418,29900,,,,
2169,013E,12466,29900,,,,
2170,013E,12476,29900,,,,
2171,013E,12520,27500,,,,
2172,013E,12558,27500,,,,
2173,013E,12577,27500,,,,
2174,013E,12584,9800,,,,
2175,013E,12592,21600,,,,
2176,013E,12596,9800,,,,
2177,013E,12600,7200,,,,
2178,013E,12608,9800,,,,
2179,013E,12616,30000,,,,
2180,013E,12617,7200,,,,
2181,013E,12635,30000,,,,
2182,013E,12654,30000,,,,
2183,013E,12673,30000,,,,
2184,013E,12692,27500,,,,
2185,013E,12713,30000,,,,
2186,013E,12731,30000,,,,
2187,010E,3750,2500,,,,
2188,010E,3819,1200,,,,
2189,010E,3835,1650,,,,
2190,010E,3860,4042,,,,
2191,010E,3861,3087,,,,
2192,010E,3870,3333,,,,
2193,010E,3874,2080,,,,
2194,010E,3888,7200,,,,
2195,010E,3895,3750,,,,
2196,010E,3899,23330,,,,
2197,010E,3900,3750,,,,
2198,010E,3904,3750,,,,
2199,010E,3909,2750,,,,
2200,010E,3917,5210,,,,
2201,010E,3925,4040,,,,
2202,010E,3925,4040,,,,
2203,010E,3949,1212,,,,
2204,010E,3974,4475,,,,
2205,010E,3982,23333,,,,
2206,010E,3987,18260,,,,
2207,010E,4005,14760,,,,
2208,010E,4009,3600,,,,
2209,010E,4026,23000,,,,
2210,010E,4028,2483,,,,
2211,010E,4039,3333,,,,
2212,010E,4067,1333,,,,
2213,010E,4091,20952,,,,
2214,010E,4117,2167,,,,
2215,010E,4147,68500,,,,
2216,010E,4158,45000,,,,
2217,010E,10732,34000,,,,
2218,010E,10737,7200,,,,
2219,010E,10768,34000,,,,
2220,010E,10771,22963,,,,
2221,010E,10774,7200,,,,
2222,010E,10779,9600,,,,
2223,010E,10781,9600,,,,
2224,010E,10823,30124,,,,
2225,010E,10827,36815,,,,
2226,010E,10853,25545,,,,
2227,010E,10880,10038,,,,
2228,010E,10896,1934,,,,
2229,010E,10907,54270,,,,
2230,010E,10920,63900,,,,
2231,010E,10946,23426,,,,
2232,010E,10976,25545,,,,
2233,010E,10994,9525,,,,
2234,010E,11111,83700,,,,
2235,010E,11166,5000,,,,
2236,010E,11176,5000,,,,
2237,010E,11194,7200,,,,
2238,010E,11200,35291,,,,
2239,010E,11221,30000,,,,
2240,010E,11221,30000,,,,
2241,010E,11251,6900,,,,
2242,010E,11276,7120,,,,
2243,010E,11291,9875,,,,
2244,010E,11291,9875,,,,
2245,010E,11295,14400,,,,
2246,010E,11296,7200,,,,
2247,010E,11302,7200,,,,
2248,010E,11305,7120,,,,
2249,010E,11309,15000,,,,
2250,010E,11312,7200,,,,
2251,010E,11313,14400,,,,
2252,010E,11315,7200,,,,
2253,010E,11317,7200,,,,
2254,010E,11323,2000,,,,
2255,010E,11329,7200,,,,
2256,010E,11332,7200,,,,
2257,010E,11345,10000,,,,
2258,010E,11347,7200,,,,
2259,010E,11376,26770,,,,
2260,010E,11377,26766,,,,
2261,010E,11381,36805,,,,
2262,010E,11382,33469,,,,
2263,010E,11408,25545,,,,
2264,010E,11409,25545,,,,
2265,010E,11440,63900,,,,
2266,010E,11447,63900,,,,
2267,010E,11479,6667,,,,
2268,010E,11487,9522,,,,
2269,010E,11538,57140,,,,
2270,010E,11687,9523,,,,
2271,010E,12506,255,,,,
2272,010E,12527,2333,,,,
2273,010E,12533,1144,,,,
2274,010E,12555,1000,,,,
2275,010E,12598,1013,,,,
2276,010E,12625,23428,,,,
2277,010E,12643,2061,,,,
2278,010E,12736,4000,,,,
2279,009E,11727,30000,,,,
2280,009E,11727.0,30000,,,,
2281,009E,11785,27500,,,,
2282,009E,11804,27500,,,,
2283,009E,11823,27500,,,,
2284,009E,11843,27500,,,,
2285,009E,11862,27500,,,,
2286,009E,11881,30000,,,,
2287,009E,11900,27500,,,,
2288,009E,11919,30000,,,,
2289,009E,11938,27500,,,,
2290,009E,11958,27500,,,,
2291,009E,11977,30000,,,,
2292,009E,11996,27500,,,,
2293,009E,12015,27500,,,,
2294,009E,12034,27500,,,,
2295,009E,12054,27500,,,,
2296,009E,12092,27500,,,,
2297,009E,12111,31400,,,,
2298,009E,12149,31400,,,,
2299,009E,12169,27500,,,,
2300,009E,12207,27500,,,,
2301,009E,12226,31400,,,,
2302,009E,12226,30000,,,,
2303,009E,12245,27500,,,,
2304,009E,12284,27500,,,,
2305,009E,12303,30000,,,,
2306,009E,12303,31400,,,,
2307,009E,12341,31400,,,,
2308,009E,12380,31400,,,,
2309,009E,12399,27500,,,,
2310,009E,12466,41950,,,,
2311,009E,12476,27500,,,,
2312,007E,10721,22000,,,,
2313,007E,10722,27500,,,,
2314,007E,10762,30000,,,,
2315,007E,10762,30000,,,,
2316,007E,10804,34290,,,,
2317,007E,10845,30000,,,,
2318,007E,10845,34290,,,,
2319,007E,10887,30000,,,,
2320,007E,10958,4434,,,,
2321,007E,10959,8570,,,,
2322,007E,10961,9875,,,,
2323,007E,10961,8023,,,,
2324,007E,10964,16951,,,,
2325,007E,10965,16961,,,,
2326,007E,10967,22861,,,,
2327,007E,10968,7200,,,,
2328,007E,10970,4936,,,,
2329,007E,10971,30000,,,,
2330,007E,10973,9874,,,,
2331,007E,10973,11244,,,,
2332,007E,10976,4938,,,,
2333,007E,10977,8023,,,,
2334,007E,10978,8023,,,,
2335,007E,10981,45000,,,,
2336,007E,10982,17647,,,,
2337,007E,10983,16950,,,,
2338,007E,10985,11245,,,,
2339,007E,10987,4936,,,,
2340,007E,10987,8023,,,,
2341,007E,10990,4936,,,,
2342,007E,10990,19200,,,,
2343,007E,10993,22861,,,,
2344,007E,10994,4827,,,,
2345,007E,10997,9875,,,,
2346,007E,10998,9875,,,,
2347,007E,11000,16965,,,,
2348,007E,11001,4937,,,,
2349,007E,11005,6666,,,,
2350,007E,11005,4936,,,,
2351,007E,11005,8023,,,,
2352,007E,11007,4937,,,,
2353,007E,11009,9875,,,,
2354,007E,11009,3750,,,,
2355,007E,11012,4433,,,,
2356,007E,11012,7200,,,,
2357,007E,11016,22861,,,,
2358,007E,11017,3750,,,,
2359,007E,11019,17145,,,,
2360,007E,11020,7200,,,,
2361,007E,11023,7200,,,,
2362,007E,11023,8023,,,,
2363,007E,11026,6666,,,,
2364,007E,11040,1904,,,,
2365,007E,11043,7200,,,,
2366,007E,11043,4936,,,,
2367,007E,11044,45000,,,,
2368,007E,11047,16961,,,,
2369,007E,11049,4936,,,,
2370,007E,11051,22860,,,,
2371,007E,11054,4936,,,,
2372,007E,11055,9875,,,,
2373,007E,11057,30000,,,,
2374,007E,11059,4936,,,,
2375,007E,11061,4934,,,,
2376,007E,11061,7200,,,,
2377,007E,11063,20926,,,,
2378,007E,11065,9876,,,,
2379,007E,11066,16961,,,,
2380,007E,11070,7200,,,,
2381,007E,11070,8023,,,,
2382,007E,11075,22861,,,,
2383,007E,11075,22860,,,,
2384,007E,11078,7200,,,,
2385,007E,11078,7200,,,,
2386,007E,11080,9876,,,,
2387,007E,11080,9875,,,,
2388,007E,11083,17145,,,,
2389,007E,11083,4434,,,,
2390,007E,11084,17145,,,,
2391,007E,11088,6666,,,,
2392,007E,11090,4937,,,,
2393,007E,11090,7200,,,,
2394,007E,11093,30000,,,,
2395,007E,11093,11000,,,,
2396,007E,11096,6666,,,,
2397,007E,11096,4936,,,,
2398,007E,11099,22861,,,,
2399,007E,11099,4000,,,,
2400,007E,11102,16965,,,,
2401,007E,11104,9875,,,,
2402,007E,11106,45000,,,,
2403,007E,11107,8023,,,,
2404,007E,11107,8023,,,,
2405,007E,11123,3333,,,,
2406,007E,11126,7450,,,,
2407,007E,11126,7200,,,,
2408,007E,11129,9700,,,,
2409,007E,11129,9876,,,,
2410,007E,11132,17145,,,,
2411,007E,11132,15000,,,,
2412,007E,11135,18755,,,,
2413,007E,11135,6666,,,,
2414,007E,11138,3366,,,,
2415,007E,11140,14400,,,,
2416,007E,11140,9600,,,,
2417,007E,11143,7500,,,,
2418,007E,11143,7200,,,,
2419,007E,11146,7200,,,,
2420,007E,11146,19200,,,,
2421,007E,11148,4800,,,,
2422,007E,11149,17145,,,,
2423,007E,11150,3600,,,,
2424,007E,11152,4165,,,,
2425,007E,11153,9800,,,,
2426,007E,11153,7500,,,,
2427,007E,11156,7200,,,,
2428,007E,11159,4800,,,,
2429,007E,11162,7200,,,,
2430,007E,11163,7200,,,,
2431,007E,11164,9874,,,,
2432,007E,11166,14400,,,,
2433,007E,11167,9874,,,,
2434,007E,11170,7200,,,,
2435,007E,11171,7200,,,,
2436,007E,11173,7200,,,,
2437,007E,11174,3000,,,,
2438,007E,11178,9874,,,,
2439,007E,11178,9700,,,,
2440,007E,11181,21600,,,,
2441,007E,11182,6666,,,,
2442,007E,11184,3600,,,,
2443,007E,11186,14400,,,,
2444,007E,11189,10000,,,,
2445,007E,11189,7200,,,,
2446,007E,11192,6976,,,,
2447,007E,11212,15165,,,,
2448,007E,11222,30000,,,,
2449,007E,11226,34290,,,,
2450,007E,11231,47000,,,,
2451,007E,11262,27500,,,,
2452,007E,11293,47000,,,,
2453,007E,11304,29700,,,,
2454,007E,11324,29700,,,,
2455,007E,11356,35000,,,,
2456,007E,11387,27500,,,,
2457,007E,11396,7200,,,,
2458,007E,11397,7200,,,,
2459,007E,11406,7200,,,,
2460,007E,11444,3210,,,,
2461,007E,11458,10000,,,,
2462,007E,11459,7200,,,,
2463,007E,11461,14400,,,,
2464,007E,11474,6000,,,,
2465,007E,11479,14400,,,,
2466,007E,11480,4200,,,,
2467,007E,11481,45000,,,,
2468,007E,11483,4200,,,,
2469,007E,11485,1000,,,,
2470,007E,11486,6666,,,,
2471,007E,11490,2222,,,,
2472,007E,11493,2222,,,,
2473,007E,11496,2915,,,,
2474,007E,11498,6668,,,,
2475,007E,11498,4987,,,,
2476,007E,11501,10000,,,,
2477,007E,11504,7200,,,,
2478,007E,11507,5000,,,,
2479,007E,11510,7500,,,,
2480,007E,11517,9600,,,,
2481,007E,11520,12500,,,,
2482,007E,11523,7120,,,,
2483,007E,11526,10000,,,,
2484,007E,11533,68576,,,,
2485,007E,11541,68576,,,,
2486,007E,11542,7200,,,,
2487,007E,11548,14400,,,,
2488,007E,11551,22857,,,,
2489,007E,11562,7200,,,,
2490,007E,11563,9874,,,,
2491,007E,11569,9600,,,,
2492,007E,11580,11246,,,,
2493,007E,11584,14400,,,,
2494,007E,11586,11000,,,,
2495,007E,11602,14400,,,,
2496,007E,11606,45000,,,,
2497,007E,11635,16000,,,,
2498,007E,11637,5000,,,,
2499,007E,11658,3600,,,,
2500,007E,11662,2000,,,,
2501,007E,11664,9800,,,,
2502,007E,11667,3600,,,,
2503,007E,11667,3780,,,,
2504,007E,11670,15000,,,,
2505,007E,11672,3780,,,,
2506,007E,11677,5040,,,,
2507,007E,11679,14400,,,,
2508,007E,11681,2500,,,,
2509,007E,11684,5000,,,,
2510,007E,11684,7400,,,,
2511,007E,11685,2500,,,,
2512,007E,11688,15000,,,,
2513,007E,11689,5040,,,,
2514,007E,11692,11247,,,,
2515,007E,11697,1111,,,,
2516,007E,12504,1500,,,,
2517,007E,12504,1670,,,,
2518,007E,12507,500,,,,
2519,007E,12508,550,,,,
2520,007E,12510,7200,,,,
2521,007E,12511,1833,,,,
2522,007E,12513,7200,,,,
2523,007E,12515,1303,,,,
2524,007E,12515,4022,,,,
2525,007E,12519,7200,,,,
2526,007E,12519,4800,,,,
2527,007E,12523,10000,,,,
2528,007E,12524,2400,,,,
2529,007E,12526,5000,,,,
2530,007E,12529,2500,,,,
2531,007E,12530,1480,,,,
2532,007E,12535,4000,,,,
2533,007E,12537,8000,,,,
2534,007E,12540,3600,,,,
2535,007E,12540,5000,,,,
2536,007E,12543,3600,,,,
2537,007E,12546,19200,,,,
2538,007E,12547,6666,,,,
2539,007E,12549,9876,,,,
2540,007E,12551,1000,,,,
2541,007E,12552,14400,,,,
2542,007E,12554,2400,,,,
2543,007E,12555,7200,,,,
2544,007E,12558,9876,,,,
2545,007E,12561,11246,,,,
2546,007E,12562,30000,,,,
2547,007E,12564,7200,,,,
2548,007E,12566,19200,,,,
2549,007E,12568,17017,,,,
2550,007E,12569,30000,,,,
2551,007E,12573,11246,,,,
2552,007E,12576,4938,,,,
2553,007E,12590,3675,,,,
2554,007E,12593,9600,,,,
2555,007E,12596,6111,,,,
2556,007E,12600,2500,,,,
2557,007E,12603,7500,,,,
2558,007E,12604,30000,,,,
2559,007E,12605,5748,,,,
2560,007E,12606,9600,,,,
2561,007E,12609,7200,,,,
2562,007E,12612,7200,,,,
2563,007E,12613,1542,,,,
2564,007E,12615,4600,,,,
2565,007E,12617,300,,,,
2566,007E,12618,5250,,,,
2567,007E,12621,14400,,,,
2568,007E,12622,6000,,,,
2569,007E,12624,15000,,,,
2570,007E,12627,4600,,,,
2571,007E,12630,7500,,,,
2572,007E,12633,3750,,,,
2573,007E,12637,7200,,,,
2574,007E,12638,4937,,,,
2575,007E,12640,7200,,,,
2576,007E,12643,7200,,,,
2577,007E,12645,9875,,,,
2578,007E,12645,7200,,,,
2579,007E,12646,16951,,,,
2580,007E,12649,7200,,,,
2581,007E,12655,3600,,,,
2582,007E,12657,2476,,,,
2583,007E,12658,9200,,,,
2584,007E,12674,3600,,,,
2585,007E,12677,7200,,,,
2586,007E,12680,9600,,,,
2587,007E,12681,17144,,,,
2588,007E,12683,19200,,,,
2589,007E,12686,7200,,,,
2590,007E,12686,3674,,,,
2591,007E,12689,34286,,,,
2592,007E,12689,3674,,,,
2593,007E,12692,30000,,,,
2594,007E,12695,7200,,,,
2595,007E,12698,14400,,,,
2596,007E,12701,15000,,,,
2597,007E,12704,7200,,,,
2598,007E,12708,11428,,,,
2599,007E,12713,1250,,,,
2600,007E,12722,7200,,,,
2601,007E,12725,7200,,,,
2602,007E,12728,7120,,,,
2603,007E,12728,34286,,,,
2604,007E,12731,7200,,,,
2605,007E,12735,7200,,,,
2606,007E,12738,9876,,,,
2607,007E,12741,7200,,,,
2608,007E,12744,4937,,,,
2609,007E,12745,2222,,,,
2610,007E,21550,5000,,,,
2611,007E,21594,1100,,,,
2612,007E,21620,2200,,,,
2613,007E,21638,1100,,,,
2614,007E,21639,1100,,,,
2615,007E,21641,1023,,,,
2616,007E,21680,7200,,,,
2617,005E,3791,17143,,,,
2618,005E,3826,54708,,,,
2619,005E,3922,38806,,,,
2620,005E,3923,1414,,,,
2621,005E,3928,2083,,,,
2622,005E,3930,1239,,,,
2623,005E,3947,17143,,,,
2624,005E,3952,2268,,,,
2625,005E,3955,1945,,,,
2626,005E,3962,1429,,,,
2627,005E,3966,2850,,,,
2628,005E,4000,17190,,,,
2629,005E,4014,1820,,,,
2630,005E,4030,15497,,,,
2631,005E,4049,47000,,,,
2632,005E,4058,21995,,,,
2633,005E,4083,1000,,,,
2634,005E,4087,1000,,,,
2635,005E,4094,1551,,,,
2636,005E,4097,3366,,,,
2637,005E,4113,1150,,,,
2638,005E,11256,15000,,,,
2639,005E,11288,1350,,,,
2640,005E,11292,1000,,,,
2641,005E,11296,2074,,,,
2642,005E,11305,7200,,,,
2643,005E,11305,34286,,,,
2644,005E,11345,34286,,,,
2645,005E,11385,30000,,,,
2646,005E,11727,27500,,,,
2647,005E,11727,27500,,,,
2648,005E,11747,30000,,,,
2649,005E,11747,27500,,,,
2650,005E,11766,30000,,,,
2651,005E,11766,27500,,,,
2652,005E,11785,27500,,,,
2653,005E,11785,27500,,,,
2654,005E,11804,27500,,,,
2655,005E,11862,27500,,,,
2656,005E,11881,27500,,,,
2657,005E,11900,27500,,,,
2658,005E,11919,27500,,,,
2659,005E,11938,27500,,,,
2660,005E,11938,27500,,,,
2661,005E,11958,27500,,,,
2662,005E,11958,27500,,,,
2663,005E,11977,31429,,,,
2664,005E,11977,27500,,,,
2665,005E,11996,27500,,,,
2666,005E,11996,27500,,,,
2667,005E,12015,29950,,,,
2668,005E,12034,27500,,,,
2669,005E,12053,30000,,,,
2670,005E,12073,27500,,,,
2671,005E,12073,30000,,,,
2672,005E,12111,31428,,,,
2673,005E,12130,27500,,,,
2674,005E,12188,27500,,,,
2675,005E,12207,30000,,,,
2676,005E,12226,27500,,,,
2677,005E,12284,27500,,,,
2678,005E,12303,31429,,,,
2679,005E,12303,27500,,,,
2680,005E,12380,27500,,,,
2681,005E,12380,27500,,,,
2682,005E,12418,27500,,,,
2683,005E,12418,27500,,,,
2684,005E,12437,30000,,,,
2685,005E,12476,27490,,,,
2686,005E,12512,3600,,,,
2687,005E,12515,3600,,,,
2688,005E,12515,7200,,,,
2689,005E,12518,9875,,,,
2690,005E,12521,3600,,,,
2691,005E,12523,3750,,,,
2692,005E,12525,7200,,,,
2693,005E,12528,10000,,,,
2694,005E,12531,7200,,,,
2695,005E,12534,3333,,,,
2696,005E,12537,3333,,,,
2697,005E,12540,7230,,,,
2698,005E,12541,10000,,,,
2699,005E,12544,4610,,,,
2700,005E,12548,7200,,,,
2701,005E,12551,4936,,,,
2702,005E,12552,3333,,,,
2703,005E,12554,7200,,,,
2704,005E,12557,14400,,,,
2705,005E,12558,7500,,,,
2706,005E,12560,7200,,,,
2707,005E,12564,10000,,,,
2708,005E,12565,30000,,,,
2709,005E,12565,7500,,,,
2710,005E,12569,3333,,,,
2711,005E,12572,7500,,,,
2712,005E,12575,4610,,,,
2713,005E,12576,10000,,,,
2714,005E,12580,4444,,,,
2715,005E,12583,3260,,,,
2716,005E,12591,3800,,,,
2717,005E,12591,2900,,,,
2718,005E,12594,7200,,,,
2719,005E,12597,7200,,,,
2720,005E,12600,6111,,,,
2721,005E,12603,3600,,,,
2722,005E,12607,3600,,,,
2723,005E,12607,4610,,,,
2724,005E,12610,4610,,,,
2725,005E,12612,3600,,,,
2726,005E,12616,4610,,,,
2727,005E,12619,6111,,,,
2728,005E,12622,4610,,,,
2729,005E,12627,3800,,,,
2730,005E,12627,4610,,,,
2731,005E,12630,9874,,,,
2732,005E,12637,3260,,,,
2733,005E,12642,9874,,,,
2734,005E,12648,4557,,,,
2735,005E,12657,4936,,,,
2736,005E,12660,3750,,,,
2737,005E,12663,3224,,,,
2738,005E,12668,2500,,,,
2739,005E,12672,7500,,,,
2740,005E,12674,9875,,,,
2741,005E,12677,10000,,,,
2742,005E,12678,7500,,,,
2743,005E,12681,5000,,,,
2744,005E,12688,7500,,,,
2745,005E,12690,7200,,,,
2746,005E,12692,23657,,,,
2747,005E,12699,7200,,,,
2748,005E,12708,7200,,,,
2749,005E,12712,5000,,,,
2750,005E,12738,3333,,,,
2751,003E,3634,3750,,,,
2752,003E,3634,2858,,,,
2753,003E,3641,14400,,,,
2754,003E,3715,7200,,,,
2755,003E,3729,16833,,,,
2756,003E,3741,3600,,,,
2757,003E,3752,9706,,,,
2758,003E,3778,7200,,,,
2759,003E,3796,7200,,,,
2760,003E,3797,7200,,,,
2761,003E,3805,7200,,,,
2762,003E,3810,30000,,,,
2763,003E,3815,7200,,,,
2764,003E,3825,4170,,,,
2765,003E,3831,2190,,,,
2766,003E,3832.82,1108,,,,
2767,003E,3845,30000,,,,
2768,003E,3850,7200,,,,
2769,003E,3860,7200,,,,
2770,003E,3878,7020,,,,
2771,003E,3890,13170,,,,
2772,003E,3894,40000,,,,
2773,003E,3902,6370,,,,
2774,003E,3918,19630,,,,
2775,003E,3918,5620,,,,
2776,003E,3937,13725,,,,
2777,003E,3972,7200,,,,
2778,003E,3973,1833,,,,
2779,003E,3975,1000,,,,
2780,003E,3976,14240,,,,
2781,003E,3980,7200,,,,
2782,003E,3985,30000,,,,
2783,003E,3987,16300,,,,
2784,003E,3990,7200,,,,
2785,003E,3996,9706,,,,
2786,003E,3999,7200,,,,
2787,003E,4001,1250,,,,
2788,003E,4004,1230,,,,
2789,003E,4007,2083,,,,
2790,003E,4007,4832,,,,
2791,003E,4007,2083,,,,
2792,003E,4009,3750,,,,
2793,003E,4010,3750,,,,
2794,003E,4016,2500,,,,
2795,003E,4018,7500,,,,
2796,003E,4024,2500,,,,
2797,003E,4032,1100,,,,
2798,003E,4033,1700,,,,
2799,003E,4036,1830,,,,
2800,003E,4037,1250,,,,
2801,003E,4038,2358,,,,
2802,003E,4045,1082,,,,
2803,003E,4050,7500,,,,
2804,003E,4056,1250,,,,
2805,003E,4063,33900,,,,
2806,003E,4081,3750,,,,
2807,003E,4099,33900,,,,
2808,003E,4107,15682,,,,
2809,003E,4116,1000,,,,
2810,003E,4130,8571,,,,
2811,003E,4141,32727,,,,
2812,003E,4144,7200,,,,
2813,003E,4152,7200,,,,
2814,003E,4162,7200,,,,
2815,003E,4171,7200,,,,
2816,003E,4192,9700,,,,
2817,003E,4730,8000,,,,
2818,003E,10960,7500,,,,
2819,003E,10969,7500,,,,
2820,003E,10975,7500,,,,
2821,003E,10979,7500,,,,
2822,003E,10987,7500,,,,
2823,003E,10989,19411,,,,
2824,003E,11000,11500,,,,
2825,003E,11020,2200,,,,
2826,003E,11030,2100,,,,
2827,003E,11045,2220,,,,
2828,003E,11049,4500,,,,
2829,003E,11051,3300,,,,
2830,003E,11070,8000,,,,
2831,003E,11083,5572,,,,
2832,003E,11088,5572,,,,
2833,003E,11093,20000,,,,
2834,003E,11097,3500,,,,
2835,003E,11101,4650,,,,
2836,003E,11106,5572,,,,
2837,003E,11110,2000,,,,
2838,003E,11128,10000,,,,
2839,003E,11143,40000,,,,
2840,003E,11145,5000,,,,
2841,003E,11186,14500,,,,
2842,003E,11218,26000,,,,
2843,003E,11282,20835,,,,
2844,003E,11305,10000,,,,
2845,003E,11321,10478,,,,
2846,003E,11349,18300,,,,
2847,003E,11403,18300,,,,
2848,003E,11412,1700,,,,
2849,003E,11425,2000,,,,
2850,003E,11481,45000,,,,
2851,003E,11544,51430,,,,
2852,003E,11560,9874,,,,
2853,003E,11623,14400,,,,
2854,003E,11628,7500,,,,
2855,003E,11633,2200,,,,
2856,003E,11639,2000,,,,
2857,003E,11641,1182,,,,
2858,003E,11643,3250,,,,
2859,003E,11646,1903,,,,
2860,003E,11656,7350,,,,
2861,003E,11661,4500,,,,
2862,003E,11673,3333,,,,
2863,003E,11677,2083,,,,
2864,003E,11677,2500,,,,
2865,003E,11683,7500,,,,
2866,003E,11686,2200,,,,
2867,003E,11693,2962,,,,
2868,003E,12514,2220,,,,
2869,003E,12516,2200,,,,
2870,003E,12527,2961,,,,
2871,003E,12548,2200,,,,
2872,003E,12552,2300,,,,
2873,003E,12556,1500,,,,
2874,003E,12563,9600,,,,
2875,003E,12574,7500,,,,
2876,003E,12578.2,255,,,,
2877,003E,12578.58,255,,,,
2878,003E,12578.95,257,,,,
2879,003E,12579.34,257,,,,
2880,003E,12579.72,257,,,,
2881,003E,12580.09,257,,,,
2882,003E,12581,2000,,,,
2883,003E,12589,3600,,,,
2884,003E,12594,5500,,,,
2885,003E,12597,14400,,,,
2886,003E,12600,3600,,,,
2887,003E,12609,3100,,,,
2888,003E,12613,3100,,,,
2889,003E,12629,3100,,,,
2890,003E,12634,2900,,,,
2891,003E,12638,2220,,,,
2892,003E,12647,7200,,,,
2893,003E,12656,1483,,,,
2894,003E,12658,804,,,,
2895,003E,12664,2100,,,,
2896,003E,12676,7200,,,,
2897,003E,12680,7666,,,,
2898,003E,12690,5573,,,,
2899,003E,12694,10987,,,,
2900,003E,12705,4650,,,,
2901,003E,12708,2962,,,,
2902,003E,12711,9700,,,,
2903,003E,12716,2500,,,,
2904,003E,12722,1500,,,,
2905,003E,12730,7200,,,,
2906,003E,12735,5000,,,,
2907,003E,12741,1303,,,,
2908,003E,12746,2100,,,,
2909,003E,19730,39990,,,,
2910,003E,19787,39990,,,,
2911,003E,19915,39990,,,,
2912,003E,20043,39990,,,,
2913,002E,11411,1700,,,,
2914,002E,11432,2000,,,,
2915,002E,11970,2000,,,,
2916,002E,12072,30000,,,,
2917,002E,12092,30000,,,,
2918,002E,12111,30000,,,,
2919,002E,12169,30000,,,,
2920,002E,12207,30000,,,,
2921,002E,12226,30000,,,,
2922,002E,12265,30000,,,,
2923,002E,12303,30000,,,,
2924,002E,12322,30000,,,,
2925,002E,12341,30000,,,,
2926,002E,12360,30000,,,,
2927,002E,12380,30000,,,,
2928,002E,12418,30000,,,,
2929,002E,12456,30000,,,,
2930,002E,12476,30000,,,,
2931,002E,12509,6333,,,,
2932,002E,12513,7500,,,,
2933,002E,12519,6333,,,,
2934,002E,12523,3700,,,,
2935,002E,12539,4540,,,,
