ID;PT;FREQ;SYMBOL_RATE;COMMENT
1;46;11469;19000;flysat.com
2;46;11475;32000;flysat.com
3;46;11484;5000;flysat.com
4;46;11488;7200;flysat.com
5;46;11500;2165;flysat.com
6;46;11515;23700;flysat.com
7;46;11519;3810;flysat.com
8;46;11545;4165;flysat.com
9;46;11550;3570;flysat.com
10;46;11555;34285;flysat.com
11;46;11555;27690;flysat.com
12;46;11563;2664;flysat.com
13;46;11579;5000;flysat.com
14;46;11595;27689;flysat.com
15;46;11608;7200;flysat.com
16;46;11608;1586;flysat.com
17;46;11635;27690;flysat.com
18;46;11655;45000;flysat.com
19;46;11665;51428;flysat.com
20;46;11668;20475;flysat.com
21;46;11675;27690;flysat.com
22;46;11682;7200;flysat.com
23;46;11691;2781;flysat.com
24;46;12560;30000;flysat.com
25;46;12600;32727;flysat.com
26;46;12610;12500;flysat.com
27;46;12685;5000;flysat.com
28;46;3762;7200;flysat.com
29;46;3763;14284;flysat.com
30;46;3771;7200;flysat.com
31;46;3782;2222;flysat.com
32;46;3813;1666;flysat.com
33;46;3817;3333;flysat.com
34;46;3826;3332;flysat.com
35;46;3832;1071;flysat.com
36;46;3834;1585;flysat.com
37;46;3838;1250;flysat.com
38;46;3838;12460;flysat.com
39;46;3840;1250;flysat.com
40;46;3841;1500;flysat.com
41;46;3842;1582;flysat.com
42;46;3860;1025;flysat.com
43;46;3866;2500;flysat.com
44;46;3867;2978;flysat.com
45;46;3874;1250;flysat.com
46;46;3893;15400;flysat.com
47;46;3903;7200;flysat.com
48;46;3914;4090;flysat.com
49;46;3916;7200;flysat.com
50;46;3929;7200;flysat.com
51;46;3954;6250;flysat.com
52;46;3960;12500;flysat.com
53;46;3975;3457;flysat.com
54;46;3978;3457;flysat.com
55;46;3992;1666;flysat.com
56;46;4003;2204;flysat.com
57;46;4033;2165;flysat.com
58;46;4107;2165;flysat.com
59;46;4112;2432;flysat.com
60;46;4115;1249;flysat.com
61;46;4117;10910;flysat.com
62;46;4118;3050;flysat.com
63;46;4125;2381;flysat.com
64;46;4128;1408;flysat.com
65;46;4130;2000;flysat.com
66;46;4132;1842;flysat.com
67;46;4135;1282;flysat.com
68;46;4137;1603;flysat.com
69;46;4137;20775;flysat.com
70;46;4139;1333;flysat.com
71;46;4140;1000;flysat.com
72;46;4142;1250;flysat.com
73;46;4144;2300;flysat.com
74;46;4146;1190;flysat.com
75;46;4148;2400;flysat.com
76;46;4156;7200;flysat.com
77;46;4160;16325;flysat.com
78;46;4168;2754;flysat.com
79;46;4180;16325;flysat.com
80;46;10956;2850;flysat.com
81;46;10959;7500;flysat.com
82;46;10960;7500;flysat.com
83;46;10972;2500;flysat.com
84;46;10980;22029;flysat.com
85;46;10997;2062;flysat.com
86;46;10997;1000;flysat.com
87;46;11000;2062;flysat.com
88;46;11002;1992;flysat.com
89;46;11005;2000;flysat.com
90;46;11015;3333;flysat.com
91;46;11022;5000;flysat.com
92;46;11024;12700;flysat.com
93;46;11027;4800;flysat.com
94;46;11040;7266;flysat.com
95;46;11042;12000;flysat.com
96;46;11051;7500;flysat.com
97;46;11059;5452;flysat.com
98;46;11067;7500;flysat.com
99;46;11068;10000;flysat.com
100;46;11070;2961;flysat.com
101;46;11088;7500;flysat.com
102;46;11095;30000;flysat.com
103;46;11135;30000;flysat.com
104;46;11175;30000;flysat.com
105;45;3527;1050;flysat.com
106;45;3531;1050;flysat.com
107;45;3598;2100;flysat.com
108;45;3641;3500;flysat.com
109;45;3654;500;flysat.com
110;45;3669;6000;flysat.com
111;45;3743;4150;flysat.com
112;45;3749;1500;flysat.com
113;45;3759;3500;flysat.com
114;45;3793;15400;flysat.com
115;45;3828;1600;flysat.com
116;45;3848;4000;flysat.com
117;45;3852;1500;flysat.com
118;45;3892;15400;flysat.com
119;42;10950;3250;flysat.com
120;42;10953;3333;flysat.com
121;42;10956;3200;flysat.com
122;42;10958;6250;flysat.com
123;42;10960;3250;flysat.com
124;42;10963;7200;flysat.com
125;42;10966;3250;flysat.com
126;42;10968;7916;flysat.com
127;42;10969;3333;flysat.com
128;42;10974;2960;flysat.com
129;42;10976;5925;flysat.com
130;42;10977;3333;flysat.com
131;42;10980;3333;flysat.com
132;42;10981;2500;flysat.com
133;42;10983;4100;flysat.com
134;42;10984;2960;flysat.com
135;42;10986;5925;flysat.com
136;42;10987;2960;flysat.com
137;42;10989;2962;flysat.com
138;42;10997;3333;flysat.com
139;42;11000;7500;flysat.com
140;42;11004;2500;flysat.com
141;42;11007;2500;flysat.com
142;42;11010;7500;flysat.com
143;42;11013;2500;flysat.com
144;42;11016;7500;flysat.com
145;42;11020;4100;flysat.com
146;42;11023;3333;flysat.com
147;42;11027;7500;flysat.com
148;42;11030;7500;flysat.com
149;42;11038;2960;flysat.com
150;42;11045;2680;flysat.com
151;42;11048;2680;flysat.com
152;42;11053;8000;flysat.com
153;42;11054;30000;flysat.com
154;42;11061;2500;flysat.com
155;42;11068;4100;flysat.com
156;42;11071;2500;flysat.com
157;42;11080;5185;flysat.com
158;42;11083;7500;flysat.com
159;42;11088;10000;flysat.com
160;42;11093;4444;flysat.com
161;42;11096;30000;flysat.com
162;42;11097;7500;flysat.com
163;42;11103;4100;flysat.com
164;42;11108;7500;flysat.com
165;42;11112;2222;flysat.com
166;42;11127;2222;flysat.com
167;42;11128.47;400;flysat.com
168;42;11129.2;400;flysat.com
169;42;11129.97;400;flysat.com
170;42;11130;4444;flysat.com
171;42;11130.68;420;flysat.com
172;42;11131.48;400;flysat.com
173;42;11133;1800;flysat.com
174;42;11133;2680;flysat.com
175;42;11136;2960;flysat.com
176;42;11138;4250;flysat.com
177;42;11142;2500;flysat.com
178;42;11142;6200;flysat.com
179;42;11145;4250;flysat.com
180;42;11149;2500;flysat.com
181;42;11150;4444;flysat.com
182;42;11153;5925;flysat.com
183;42;11155;4444;flysat.com
184;42;11156;2592;flysat.com
185;42;11159;2222;flysat.com
186;42;11169;3333;flysat.com
187;42;11172;3700;flysat.com
188;42;11180;29750;flysat.com
189;42;11183;5000;flysat.com
190;42;11191;3333;flysat.com
191;42;11265;30000;flysat.com
192;42;11305;30000;flysat.com
193;42;11425;30000;flysat.com
194;42;11458;3200;flysat.com
195;42;11461;6800;flysat.com
196;42;11464;11000;flysat.com
197;42;11469;6800;flysat.com
198;42;11470;7400;flysat.com
199;42;11472;6800;flysat.com
200;42;11475;3200;flysat.com
201;42;11478;6800;flysat.com
202;42;11480;7400;flysat.com
203;42;11480;3200;flysat.com
204;42;11486;6800;flysat.com
205;42;11488;3200;flysat.com
206;42;11490;7400;flysat.com
207;42;11493;3333;flysat.com
208;42;11496;4100;flysat.com
209;42;11500;2000;flysat.com
210;42;11505;5925;flysat.com
211;42;11506;4100;flysat.com
212;42;11513;2500;flysat.com
213;42;11514;5925;flysat.com
214;42;11516;7500;flysat.com
215;42;11519;3333;flysat.com
216;42;11523;2720;flysat.com
217;42;11523;5925;flysat.com
218;42;11542;2962;flysat.com
219;42;11545;2210;flysat.com
220;42;11548;2160;flysat.com
221;42;11554;8888;flysat.com
222;42;11558;30000;flysat.com
223;42;11562;3200;flysat.com
224;42;11565;5800;flysat.com
225;42;11568;8888;flysat.com
226;42;11570;3600;flysat.com
227;42;11573;3600;flysat.com
228;42;11576;2222;flysat.com
229;42;11580;3333;flysat.com
230;42;11584;2592;flysat.com
231;42;11588;4100;flysat.com
232;42;11591;4166;flysat.com
233;42;11594;2962;flysat.com
234;42;11597;6200;flysat.com
235;42;11598;3333;flysat.com
236;42;11600;6200;flysat.com
237;42;11603;8888;flysat.com
238;42;11606;6200;flysat.com
239;42;11606;2222;flysat.com
240;42;11609;2962;flysat.com
241;42;11609;2222;flysat.com
242;42;11620;2222;flysat.com
243;42;11621;2500;flysat.com
244;42;11623;3330;flysat.com
245;42;11624;3333;flysat.com
246;42;11626;6666;flysat.com
247;42;11627;9876;flysat.com
248;42;11628;4100;flysat.com
249;42;11631;4100;flysat.com
250;42;11632;7200;flysat.com
251;42;11634;2300;flysat.com
252;42;11635;4100;flysat.com
253;42;11637;2222;flysat.com
254;42;11640;5925;flysat.com
255;42;11643;2300;flysat.com
256;42;11646;6600;flysat.com
257;42;11646;4100;flysat.com
258;42;11649;2500;flysat.com
259;42;11653;2962;flysat.com
260;42;11655;4100;flysat.com
261;42;11656;2500;flysat.com
262;42;11658;5000;flysat.com
263;42;11661;3700;flysat.com
264;42;11676;24444;flysat.com
265;42;11681;2222;flysat.com
266;42;11685;2210;flysat.com
267;42;11688;4166;flysat.com
268;42;11691;5925;flysat.com
269;42;11767;15000;flysat.com
270;42;11789;20000;flysat.com
271;42;11794;30000;flysat.com
272;42;11837;30000;flysat.com
273;42;11853;25000;flysat.com
274;42;11880;20000;flysat.com
275;42;11883;4800;flysat.com
276;42;11891;10600;flysat.com
277;42;11898;952;flysat.com
278;42;11916;30000;flysat.com
279;42;11958;27500;flysat.com
280;42;11977;27500;flysat.com
281;42;11983;2962;flysat.com
282;42;11999;11666;flysat.com
283;42;12009;4444;flysat.com
284;42;12015;27500;flysat.com
285;42;12034;27500;flysat.com
286;42;12053;27500;flysat.com
287;42;12073;27500;flysat.com
288;42;12083;13750;flysat.com
289;42;12095;4800;flysat.com
290;42;12103;8333;flysat.com
291;42;12111;27500;flysat.com
292;42;12149;27500;flysat.com
293;42;12188;27500;flysat.com
294;42;12196;10400;flysat.com
295;42;12209;10000;flysat.com
296;42;12213;5833;flysat.com
297;42;12219;6500;flysat.com
298;42;12228;8400;flysat.com
299;42;12245;27500;flysat.com
300;42;12265;27500;flysat.com
301;42;12298;4800;flysat.com
302;42;12310;15000;flysat.com
303;42;12329;6666;flysat.com
304;42;12336;5520;flysat.com
305;42;12345;30000;flysat.com
306;42;12346;9600;flysat.com
307;42;12356;7100;flysat.com
308;42;12379;30000;flysat.com
309;42;12380;27500;flysat.com
310;42;12422;30000;flysat.com
311;42;12423;27500;flysat.com
312;42;12455;2960;flysat.com
313;42;12458;30000;flysat.com
314;42;12515;2451;flysat.com
315;42;12524;30000;flysat.com
316;42;12540;4444;flysat.com
317;42;12541;5925;flysat.com
318;42;12552;2222;flysat.com
319;42;12553;22500;flysat.com
320;42;12554;7500;flysat.com
321;42;12560;2222;flysat.com
322;42;12563;2222;flysat.com
323;42;12563;7500;flysat.com
324;42;12570;3300;flysat.com
325;42;12572;7500;flysat.com
326;42;12573;2500;flysat.com
327;42;12576;5000;flysat.com
328;42;12579;2480;flysat.com
329;42;12588;2222;flysat.com
330;42;12589;22500;flysat.com
331;42;12590;2222;flysat.com
332;42;12590;5200;flysat.com
333;42;12605;34285;flysat.com
334;42;12610;20830;flysat.com
335;42;12627;2962;flysat.com
336;42;12629;12500;flysat.com
337;42;12630;8888;flysat.com
338;42;12632;3333;flysat.com
339;42;12636;2500;flysat.com
340;42;12639;4444;flysat.com
341;42;12654;4444;flysat.com
342;42;12685;30000;flysat.com
343;42;12685;27500;flysat.com
344;42;12716;10000;flysat.com
345;42;12724;7500;flysat.com
346;42;12729;30000;flysat.com
347;42;12733;7500;flysat.com
348;42;18633;22500;flysat.com
349;42;18668;22500;flysat.com
350;42;18709;12500;flysat.com
351;42;19922;15800;flysat.com
352;40;3608;5130;flysat.com
353;40;3615;5120;flysat.com
354;40;3622;5130;flysat.com
355;40;3629;5120;flysat.com
356;40;3635;5130;flysat.com
357;40;3642;5120;flysat.com
358;40;3665;15284;flysat.com
359;40;3685;15284;flysat.com
360;40;3709;5120;flysat.com
361;40;3715;5130;flysat.com
362;40;3722;5120;flysat.com
363;40;3728;5130;flysat.com
364;40;3735;5120;flysat.com
365;40;3740;1922;flysat.com
366;40;3758;5120;flysat.com
367;40;3765;5130;flysat.com
368;40;3773;5120;flysat.com
369;40;3779;5130;flysat.com
370;40;3785;5120;flysat.com
371;40;3792;5130;flysat.com
372;40;3808;5130;flysat.com
373;40;3815;5120;flysat.com
374;40;3822;5130;flysat.com
375;40;3828;5120;flysat.com
376;40;3835;5130;flysat.com
377;40;3842;5120;flysat.com
378;40;3858;5120;flysat.com
379;40;3865;5130;flysat.com
380;40;3872;5120;flysat.com
381;40;3879;5130;flysat.com
382;40;3885;5120;flysat.com
383;40;3892;5130;flysat.com
384;40;3909;5140;flysat.com
385;40;3915;5130;flysat.com
386;40;3922;5120;flysat.com
387;40;3929;5120;flysat.com
388;40;3942;5130;flysat.com
389;40;3965;5120;flysat.com
390;40;3972;5130;flysat.com
391;40;3979;5120;flysat.com
392;40;3985;5130;flysat.com
393;40;3992;5120;flysat.com
394;40;4085;15370;flysat.com
395;40;10954;1504;flysat.com
396;40;10959;8985;flysat.com
397;40;10968;7500;flysat.com
398;40;10969;850;flysat.com
399;40;10973;850;flysat.com
400;40;10976;3926;flysat.com
401;40;10980;850;flysat.com
402;40;10985;4860;flysat.com
403;40;11012;1500;flysat.com
404;40;11050;7000;flysat.com
405;40;11053;3200;flysat.com
406;40;11063;1667;flysat.com
407;40;11070;2820;flysat.com
408;40;11078;2029;flysat.com
409;40;11134;7504;flysat.com
410;40;11144;2569;flysat.com
411;40;11154;3500;flysat.com
412;40;11162;1340;flysat.com
413;40;11189;4000;flysat.com
414;40;11193;1530;flysat.com
415;40;11286;1340;flysat.com
416;40;11310;19996;flysat.com
417;40;11345;29995;flysat.com
418;40;11380;29995;flysat.com
419;40;11411;1500;flysat.com
420;40;11471;4247;flysat.com
421;40;11503;8400;flysat.com
422;40;11520;2082;flysat.com
423;40;11521;15000;flysat.com
424;40;11527;4166;flysat.com
425;40;11548;4000;flysat.com
426;40;11565;2400;flysat.com
427;40;11580;4200;flysat.com
428;40;11585;15000;flysat.com
429;40;11607;12665;flysat.com
430;40;11635;30000;flysat.com
431;40;11637;32727;flysat.com
432;40;11642;2271;flysat.com
433;40;11648;1000;flysat.com
434;40;11653;2600;flysat.com
435;40;11667;6000;flysat.com
436;40;12549;7910;flysat.com
437;40;12605;30000;flysat.com
438;40;12646;34278;flysat.com
439;40;12674;8095;flysat.com
440;40;12702;5000;flysat.com
441;40;12735;23155;flysat.com
442;39;10730;30000;flysat.com
443;39;10810;34286;flysat.com
444;39;10890;30000;flysat.com
445;39;10913;2894;flysat.com
446;39;10926;1480;flysat.com
447;39;10930;30000;flysat.com
448;39;10957;7200;flysat.com
449;39;10966;7200;flysat.com
450;39;10968;2270;flysat.com
451;39;11017;7200;flysat.com
452;39;11054;25000;flysat.com
453;39;11106;9700;flysat.com
454;39;11109;7200;flysat.com
455;39;11134;3333;flysat.com
456;39;11139;1000;flysat.com
457;39;11148;6301;flysat.com
458;39;11162;7200;flysat.com
459;39;11174;4167;flysat.com
460;39;11456;5000;flysat.com
461;39;11462;5000;flysat.com
462;39;11468;5000;flysat.com
463;39;11479;7500;flysat.com
464;39;11486;4166;flysat.com
465;39;11510;4444;flysat.com
466;39;11514;2141;flysat.com
467;39;11516;2000;flysat.com
468;39;11717;4166;flysat.com
469;39;11724;7500;flysat.com
470;39;11846;29170;flysat.com
471;39;12117;30000;flysat.com
472;39;12137;30000;flysat.com
473;39;12156;30000;flysat.com
474;39;12175;30000;flysat.com
475;39;12194;30000;flysat.com
476;39;12223;13381;flysat.com
477;39;12241;13381;flysat.com
478;39;12252;30000;flysat.com
479;39;12271;30000;flysat.com
480;39;12290;30000;flysat.com
481;39;12309;30000;flysat.com
482;39;12328;30000;flysat.com
483;39;12338;11567;flysat.com
484;39;12352;11567;flysat.com
485;39;12367;30000;flysat.com
486;39;12386;28333;flysat.com
487;39;12405;30000;flysat.com
488;39;12414;11567;flysat.com
489;39;12428;13200;flysat.com
490;39;12439;4444;flysat.com
491;39;12444;28333;flysat.com
492;39;12463;30000;flysat.com
493;39;12524;30000;flysat.com
494;39;12551;7200;flysat.com
495;39;12554;9000;flysat.com
496;39;12560;7200;flysat.com
497;39;12565;30000;flysat.com
498;39;12565;9000;flysat.com
499;39;12568;9600;flysat.com
500;39;12578;7200;flysat.com
501;39;12593;9600;flysat.com
502;39;12600;19366;flysat.com
503;39;12615;7200;flysat.com
504;39;12618;7200;flysat.com
505;39;12630;2500;flysat.com
506;39;12631;7200;flysat.com
507;39;12633;5000;flysat.com
508;39;12634;7200;flysat.com
509;39;12638;5000;flysat.com
510;39;12641;7200;flysat.com
511;39;12643;2500;flysat.com
512;39;12656;16363;flysat.com
513;39;12656;15155;flysat.com
514;39;12677;9600;flysat.com
515;39;12683;7200;flysat.com
516;39;12688;30000;flysat.com
517;39;12693;9370;flysat.com
518;39;12699;9600;flysat.com
519;39;12713;6666;flysat.com
520;39;12716;7200;flysat.com
521;39;12719;1580;flysat.com
522;39;12721;1580;flysat.com
523;39;12724;6250;flysat.com
524;39;12731;1580;flysat.com
525;39;12733;7200;flysat.com
526;39;12736;7200;flysat.com
527;39;12738;1182;flysat.com
528;39;19167;6630;flysat.com
529;38;3717;12000;flysat.com
530;38;3730;1000;flysat.com
531;38;3740;5600;flysat.com
532;38;3746;1500;flysat.com
533;38;3750;4800;flysat.com
534;38;3755;7500;flysat.com
535;38;3760;1003;flysat.com
536;38;3763;4100;flysat.com
537;38;3770;7700;flysat.com
538;38;3783;6347;flysat.com
539;38;3788;1080;flysat.com
540;38;3793;4000;flysat.com
541;38;3800;5500;flysat.com
542;38;3813;16852;flysat.com
543;38;3834;6500;flysat.com
544;38;3838;4791;flysat.com
545;38;3846;6600;flysat.com
546;38;3856;2900;flysat.com
547;38;3859;2833;flysat.com
548;38;3862;1850;flysat.com
549;38;3865;2080;flysat.com
550;38;3912;2140;flysat.com
551;38;3920;4000;flysat.com
552;38;3932;4000;flysat.com
553;38;3952;2960;flysat.com
554;38;3958;6400;flysat.com
555;38;3964;6400;flysat.com
556;38;3969;6943;flysat.com
557;38;3979;3650;flysat.com
558;38;3993;2900;flysat.com
559;38;3999;2200;flysat.com
560;38;4001;13333;flysat.com
561;38;4011;2222;flysat.com
562;38;4014;1850;flysat.com
563;38;4017;2400;flysat.com
564;38;4020;2450;flysat.com
565;38;4022;4000;flysat.com
566;38;4029;3600;flysat.com
567;38;4032;3200;flysat.com
568;38;4037;4800;flysat.com
569;38;4042;4100;flysat.com
570;38;4043;2400;flysat.com
571;38;4044;2400;flysat.com
572;38;4047;3600;flysat.com
573;38;4052;5800;flysat.com
574;38;4060;5000;flysat.com
575;38;4064;3200;flysat.com
576;38;4069;1000;flysat.com
577;38;4075;4660;flysat.com
578;38;4081;3195;flysat.com
579;38;4085;3460;flysat.com
580;38;4090;2035;flysat.com
581;38;4093;2400;flysat.com
582;38;4096;3232;flysat.com
583;38;4101;2800;flysat.com
584;38;4102;4340;flysat.com
585;38;4104;1600;flysat.com
586;38;4107;1004;flysat.com
587;38;4111;1537;flysat.com
588;38;4115;4800;flysat.com
589;38;4125;6400;flysat.com
590;38;4135;2400;flysat.com
591;38;4138;1600;flysat.com
592;38;4140;1570;flysat.com
593;38;4160;16100;flysat.com
594;38;4174;3148;flysat.com
595;38;4181;5000;flysat.com
596;38;4185;1650;flysat.com
597;38;10958;2000;flysat.com
598;38;10961;2000;flysat.com
599;38;10964;2000;flysat.com
600;38;10967;2000;flysat.com
601;38;10970;1000;flysat.com
602;38;10973;1500;flysat.com
603;38;10977;5200;flysat.com
604;38;10980;2400;flysat.com
605;38;10983;2400;flysat.com
606;38;10986;1590;flysat.com
607;38;10989;1670;flysat.com
608;38;10991;1600;flysat.com
609;38;10998;1700;flysat.com
610;38;11000;1400;flysat.com
611;38;11010;1000;flysat.com
612;38;11020;8000;flysat.com
613;38;11031;1500;flysat.com
614;38;11038;1520;flysat.com
615;38;11042;1600;flysat.com
616;38;11045;1600;flysat.com
617;38;11049;1600;flysat.com
618;38;11053;1250;flysat.com
619;38;11056;1100;flysat.com
620;38;11060;1600;flysat.com
621;38;11064;1600;flysat.com
622;38;11068;1600;flysat.com
623;38;11070;1600;flysat.com
624;38;11072;1500;flysat.com
625;38;11075;1350;flysat.com
626;38;11077;1250;flysat.com
627;38;11080;1300;flysat.com
628;38;11082;1250;flysat.com
629;38;11084;1250;flysat.com
630;38;11086;1500;flysat.com
631;38;11088;2400;flysat.com
632;38;11090;1600;flysat.com
633;38;11093;1200;flysat.com
634;38;11096;2400;flysat.com
635;38;11099;2400;flysat.com
636;38;11105;3812;flysat.com
637;38;11108;1300;flysat.com
638;38;11112;1300;flysat.com
639;38;11114;1200;flysat.com
640;38;11116;1200;flysat.com
641;38;11123;2400;flysat.com
642;38;11125;1250;flysat.com
643;38;11128;1250;flysat.com
644;38;11131;2500;flysat.com
645;38;11134;1450;flysat.com
646;38;11137;2500;flysat.com
647;38;11140;1200;flysat.com
648;38;11143;1300;flysat.com
649;38;11147;1850;flysat.com
650;38;11150;1190;flysat.com
651;38;11153;1600;flysat.com
652;38;11159;1000;flysat.com
653;38;11167;1350;flysat.com
654;38;11170;1250;flysat.com
655;38;11174;1600;flysat.com
656;38;11176;1200;flysat.com
657;38;11178;2000;flysat.com
658;38;11181;1650;flysat.com
659;38;11183;1850;flysat.com
660;38;11185;2000;flysat.com
661;38;11187;1850;flysat.com
662;38;11189;1849;flysat.com
663;38;11192;2000;flysat.com
664;38;12508;2000;flysat.com
665;38;12514;2000;flysat.com
666;38;12517;2000;flysat.com
667;38;12527;2000;flysat.com
668;38;12528;2000;flysat.com
669;38;12530;1666;flysat.com
670;38;12536;2400;flysat.com
671;38;12583;1300;flysat.com
672;38;12620;1200;flysat.com
673;38;12669;4800;flysat.com
674;38;12675;1450;flysat.com
675;38;12677;1300;flysat.com
676;38;12680;1300;flysat.com
677;38;12686;1300;flysat.com
678;38;12692;3333;flysat.com
679;38;12696;3333;flysat.com
680;38;12718;5200;flysat.com
681;36;10996;18000;flysat.com
682;36;11018;18000;flysat.com
683;36;11075;2700;flysat.com
684;36;11105;3333;flysat.com
685;36;11111;1903;flysat.com
686;36;11127;7053;flysat.com
687;36;11221;30000;flysat.com
688;36;11221;30000;flysat.com
689;36;11262;34250;flysat.com
690;36;11263;30000;flysat.com
691;36;11304;30000;flysat.com
692;36;11304;20000;flysat.com
693;36;11345;30000;flysat.com
694;36;11346;30000;flysat.com
695;36;11387;30000;flysat.com
696;36;11387;30000;flysat.com
697;36;11428;34250;flysat.com
698;36;11429;30000;flysat.com
699;36;11459;7200;flysat.com
700;36;11473;30000;flysat.com
701;36;11484;3700;flysat.com
702;36;11503;3810;flysat.com
703;36;11508;2800;flysat.com
704;36;11518;7070;flysat.com
705;36;11521;10832;flysat.com
706;36;11542;6582;flysat.com
707;36;11551;25000;flysat.com
708;36;11556;3333;flysat.com
709;36;11560;3182;flysat.com
710;36;11566;4900;flysat.com
711;36;11569;5714;flysat.com
712;36;11569;3200;flysat.com
713;36;11583;10332;flysat.com
714;36;11586;2171;flysat.com
715;36;11590;3000;flysat.com
716;36;11594;2500;flysat.com
717;36;11598;1750;flysat.com
718;36;11605;8840;flysat.com
719;36;11605;5127;flysat.com
720;36;11625;5572;flysat.com
721;36;11634;1800;flysat.com
722;36;11640;1800;flysat.com
723;36;11642;25762;flysat.com
724;36;11650;10000;flysat.com
725;36;11679;3200;flysat.com
726;36;11727;29335;flysat.com
727;36;11727;27500;flysat.com
728;36;11747;27500;flysat.com
729;36;11747;27500;flysat.com
730;36;11766;27500;flysat.com
731;36;11785;27500;flysat.com
732;36;11804;27500;flysat.com
733;36;11804;26650;flysat.com
734;36;11823;27500;flysat.com
735;36;11843;27500;flysat.com
736;36;11843;29335;flysat.com
737;36;11862;27500;flysat.com
738;36;11862;27500;flysat.com
739;36;11881;27500;flysat.com
740;36;11881;27500;flysat.com
741;36;11900;27500;flysat.com
742;36;11900;27500;flysat.com
743;36;11919;27500;flysat.com
744;36;11938;27500;flysat.com
745;36;11958;27500;flysat.com
746;36;11958;27500;flysat.com
747;36;11977;27500;flysat.com
748;36;11996;27500;flysat.com
749;36;12015;27500;flysat.com
750;36;12034;27500;flysat.com
751;36;12054;27500;flysat.com
752;36;12073;27500;flysat.com
753;36;12092;27500;flysat.com
754;36;12111;27500;flysat.com
755;36;12130;27500;flysat.com
756;36;12149;27500;flysat.com
757;36;12149;27500;flysat.com
758;36;12169;27500;flysat.com
759;36;12174;4340;flysat.com
760;36;12188;27500;flysat.com
761;36;12190;22500;flysat.com
762;36;12207;27500;flysat.com
763;36;12207;27500;flysat.com
764;36;12226;27500;flysat.com
765;36;12226;27500;flysat.com
766;36;12245;27500;flysat.com
767;36;12265;27500;flysat.com
768;36;12265;27500;flysat.com
769;36;12284;27500;flysat.com
770;36;12284;27500;flysat.com
771;36;12303;27500;flysat.com
772;36;12303;27500;flysat.com
773;36;12322;27500;flysat.com
774;36;12322;27500;flysat.com
775;36;12341;27500;flysat.com
776;36;12341;27500;flysat.com
777;36;12360;27500;flysat.com
778;36;12360;27500;flysat.com
779;36;12380;27500;flysat.com
780;36;12380;27500;flysat.com
781;36;12399;27500;flysat.com
782;36;12399;27500;flysat.com
783;36;12418;27500;flysat.com
784;36;12418;27500;flysat.com
785;36;12437;27500;flysat.com
786;36;12440;27500;flysat.com
787;36;12456;27500;flysat.com
788;36;12476;27500;flysat.com
789;36;12476;27500;flysat.com
790;36;12509;7200;flysat.com
791;36;12524;5667;flysat.com
792;36;12574;1667;flysat.com
793;36;12619;61190;flysat.com
794;36;12641;1880;flysat.com
795;36;12675;767;flysat.com
796;36;12677;2000;flysat.com
797;36;12683;18000;flysat.com
798;36;12691;1110;flysat.com
799;36;12695;4750;flysat.com
800;36;12734;2729;flysat.com
801;36;12741;4166;flysat.com
802;36;19726;46960;flysat.com
803;36;19764;22000;flysat.com
804;36;19766;26935;flysat.com
805;36;19818;66985;flysat.com
806;36;19916;57260;flysat.com
807;36;19960;22000;flysat.com
808;36;20015;66985;flysat.com
809;36;20089;66985;flysat.com
810;33;10727;42727;flysat.com
811;33;10796;30000;flysat.com
812;33;10883;10380;flysat.com
813;33;10955;4800;flysat.com
814;33;10958;7200;flysat.com
815;33;10962;4800;flysat.com
816;33;10965;7200;flysat.com
817;33;10968;4800;flysat.com
818;33;10974;4800;flysat.com
819;33;10991;28800;flysat.com
820;33;11022;8888;flysat.com
821;33;11080;2500;flysat.com
822;33;11083;17500;flysat.com
823;33;11083;9600;flysat.com
824;33;11086;15000;flysat.com
825;33;11090;7500;flysat.com
826;33;11095;9600;flysat.com
827;33;11098;4800;flysat.com
828;33;11104;6862;flysat.com
829;33;11108;3167;flysat.com
830;33;11110;5535;flysat.com
831;33;11123;7200;flysat.com
832;33;11130;4800;flysat.com
833;33;11133;4800;flysat.com
834;33;11137;9600;flysat.com
835;33;11145;7500;flysat.com
836;33;11149;9600;flysat.com
837;33;11166;2400;flysat.com
838;33;11167;4444;flysat.com
839;33;11170;8890;flysat.com
840;33;11170;4800;flysat.com
841;33;11173;4444;flysat.com
842;33;11175;4800;flysat.com
843;33;11179;9600;flysat.com
844;33;11182;4800;flysat.com
845;33;11187;4800;flysat.com
846;33;11191;9600;flysat.com
847;33;11194;4800;flysat.com
848;33;11212;9600;flysat.com
849;33;11476;7500;flysat.com
850;33;11572;4680;flysat.com
851;33;11579;4680;flysat.com
852;33;11608;3820;flysat.com
853;33;11610;4680;flysat.com
854;33;11617;4680;flysat.com
855;33;11648;7200;flysat.com
856;33;11652;4444;flysat.com
857;33;11660;9598;flysat.com
858;33;11662;15000;flysat.com
859;33;12504;5000;flysat.com
860;33;12507;2500;flysat.com
861;33;12510;9600;flysat.com
862;33;12513;4800;flysat.com
863;33;12517;2222;flysat.com
864;33;12521;4800;flysat.com
865;33;12524;3600;flysat.com
866;33;12526;9600;flysat.com
867;33;12527;4800;flysat.com
868;33;12533;703;flysat.com
869;33;12534;7200;flysat.com
870;33;12536;9600;flysat.com
871;33;12539;30000;flysat.com
872;33;12542;7144;flysat.com
873;33;12544;7200;flysat.com
874;33;12555;3818;flysat.com
875;33;12558;3820;flysat.com
876;33;12563;5000;flysat.com
877;33;12566;14400;flysat.com
878;33;12569;5000;flysat.com
879;33;12572;3750;flysat.com
880;33;12577;30000;flysat.com
881;33;12582;7500;flysat.com
882;33;12585;14400;flysat.com
883;33;12587;8888;flysat.com
884;33;12591;7200;flysat.com
885;33;12603;9600;flysat.com
886;33;12716;7200;flysat.com
887;33;12726;7200;flysat.com
888;33;12745;4800;flysat.com
889;31;10974;27500;flysat.com
890;31;10983;5000;flysat.com
891;31;10986;7500;flysat.com
892;31;10992;2500;flysat.com
893;31;10992;2222;flysat.com
894;31;11030;2500;flysat.com
895;31;11037;2500;flysat.com
896;31;11040;2500;flysat.com
897;31;11043;2500;flysat.com
898;31;11046;2500;flysat.com
899;31;11047;10000;flysat.com
900;31;11067;10000;flysat.com
901;31;11068;6500;flysat.com
902;31;11135;30000;flysat.com
903;31;11515;30000;flysat.com
904;31;11515;30000;flysat.com
905;31;11554;28330;flysat.com
906;31;11580;7744;flysat.com
907;31;11630;15000;flysat.com
908;31;11661;15000;flysat.com
909;31;11688;1200;flysat.com
910;30;3744;20000;flysat.com
911;30;3848;37428;flysat.com
912;30;3900;38000;flysat.com
913;30;3912;45000;flysat.com
914;30;3946;1000;flysat.com
915;30;3948;3650;flysat.com
916;30;3976;16200;flysat.com
917;30;3992;9091;flysat.com
918;30;4052;17185;flysat.com
919;30;4053;17142;flysat.com
920;30;4078;2094;flysat.com
921;30;4091;16200;flysat.com
922;30;4130;10000;flysat.com
923;30;4167;34286;flysat.com
924;30;10713;3124;flysat.com
925;30;10718;3124;flysat.com
926;30;10721;3125;flysat.com
927;30;10724;6000;flysat.com
928;30;10727;6000;flysat.com
929;30;10730;3125;flysat.com
930;30;10735;6000;flysat.com
931;30;10738;3125;flysat.com
932;30;10741;3125;flysat.com
933;30;10744;3125;flysat.com
934;30;10749;3125;flysat.com
935;30;10752;3125;flysat.com
936;30;10752;6000;flysat.com
937;30;10760;29343;flysat.com
938;30;10795;4800;flysat.com
939;30;10800;4000;flysat.com
940;30;10805;3800;flysat.com
941;30;10809;3011;flysat.com
942;30;10813;3000;flysat.com
943;30;10818;6000;flysat.com
944;30;10820;3000;flysat.com
945;30;10824;4440;flysat.com
946;30;10830;2600;flysat.com
947;30;10839;2960;flysat.com
948;30;10860;6400;flysat.com
949;30;10875;6000;flysat.com
950;30;10878;3124;flysat.com
951;30;10881;4500;flysat.com
952;30;10886;3124;flysat.com
953;30;10890;3124;flysat.com
954;30;10894;3124;flysat.com
955;30;10898;3124;flysat.com
956;30;10902;3124;flysat.com
957;30;10906;3124;flysat.com
958;30;10923;17000;flysat.com
959;30;10935;998;flysat.com
960;30;10937;3124;flysat.com
961;30;10941;3124;flysat.com
962;30;10945;3124;flysat.com
963;30;10954;4166;flysat.com
964;30;10957;6660;flysat.com
965;30;10957;2960;flysat.com
966;30;10958;7200;flysat.com
967;30;10958;8000;flysat.com
968;30;10963;2960;flysat.com
969;30;10966;6660;flysat.com
970;30;10967;3124;flysat.com
971;30;10971;3124;flysat.com
972;30;10971;7833;flysat.com
973;30;10975;3124;flysat.com
974;30;10975;6660;flysat.com
975;30;10978;6000;flysat.com
976;30;10981;2500;flysat.com
977;30;10996;2500;flysat.com
978;30;11000;2500;flysat.com
979;30;11002;2500;flysat.com
980;30;11015;4166;flysat.com
981;30;11022;2500;flysat.com
982;30;11025;2500;flysat.com
983;30;11033;1640;flysat.com
984;30;11048;2500;flysat.com
985;30;11052;2960;flysat.com
986;30;11064;4440;flysat.com
987;30;11074;3000;flysat.com
988;30;11077;2500;flysat.com
989;30;11088;7000;flysat.com
990;30;11091;2000;flysat.com
991;30;11095;2000;flysat.com
992;30;11100;2500;flysat.com
993;30;11103;1480;flysat.com
994;30;11103;1400;flysat.com
995;30;11112;2000;flysat.com
996;30;11115;1023;flysat.com
997;30;11120;7500;flysat.com
998;30;11121;3333;flysat.com
999;30;11130;2220;flysat.com
1000;30;11132;1800;flysat.com
1001;30;11136;5000;flysat.com
1002;30;11141;3124;flysat.com
1003;30;11141;4440;flysat.com
1004;30;11145;3124;flysat.com
1005;30;11145;3750;flysat.com
1006;30;11152;2740;flysat.com
1007;30;11154;3300;flysat.com
1008;30;11157;9874;flysat.com
1009;30;11160;5480;flysat.com
1010;30;11163;8220;flysat.com
1011;30;11165;5480;flysat.com
1012;30;11166;7500;flysat.com
1013;30;11167;2740;flysat.com
1014;30;11170;2200;flysat.com
1015;30;11174;2220;flysat.com
1016;30;11175;7500;flysat.com
1017;30;11178;5000;flysat.com
1018;30;11184;7500;flysat.com
1019;30;11185;2500;flysat.com
1020;30;11185;5480;flysat.com
1021;30;11189;2400;flysat.com
1022;30;11270;30000;flysat.com
1023;30;11294;5000;flysat.com
1024;30;11379;1000;flysat.com
1025;30;11454;4440;flysat.com
1026;30;11630;4440;flysat.com
1027;30;11638;4440;flysat.com
1028;30;11646;3333;flysat.com
1029;30;11655;6666;flysat.com
1030;30;11664;3000;flysat.com
1031;30;11672;6666;flysat.com
1032;30;11680;2850;flysat.com
1033;30;11683;2500;flysat.com
1034;30;11687;2500;flysat.com
1035;30;12506;2500;flysat.com
1036;30;12510;2220;flysat.com
1037;30;12513;2380;flysat.com
1038;30;12516;2410;flysat.com
1039;30;12519;4900;flysat.com
1040;30;12522;3580;flysat.com
1041;30;12524;1910;flysat.com
1042;30;12525;1300;flysat.com
1043;30;12528;2800;flysat.com
1044;30;12529;1600;flysat.com
1045;30;12533;2960;flysat.com
1046;30;12533;2400;flysat.com
1047;30;12533;2690;flysat.com
1048;30;12535;2500;flysat.com
1049;30;12537;7400;flysat.com
1050;30;12539;2960;flysat.com
1051;30;12542;1660;flysat.com
1052;30;12546;2400;flysat.com
1053;30;12549;11500;flysat.com
1054;30;12549;4000;flysat.com
1055;30;12555;2960;flysat.com
1056;30;12555;3000;flysat.com
1057;30;12559;1660;flysat.com
1058;30;12564;4440;flysat.com
1059;30;12570;3500;flysat.com
1060;30;12575;3000;flysat.com
1061;30;12580;2850;flysat.com
1062;30;12585;255;flysat.com
1063;30;12586;2500;flysat.com
1064;30;12589;3200;flysat.com
1065;30;12590;1660;flysat.com
1066;30;12593;1660;flysat.com
1067;30;12595;5000;flysat.com
1068;30;12596;1800;flysat.com
1069;30;12598;1800;flysat.com
1070;30;12599;3000;flysat.com
1071;30;12602;3300;flysat.com
1072;30;12605;2300;flysat.com
1073;30;12613;2500;flysat.com
1074;30;12618;1800;flysat.com
1075;30;12622;4440;flysat.com
1076;30;12625;1266;flysat.com
1077;30;12627;54000;flysat.com
1078;30;12633;4440;flysat.com
1079;30;12637;2893;flysat.com
1080;30;12649;15600;flysat.com
1081;30;12655;3000;flysat.com
1082;30;12665;2220;flysat.com
1083;30;12666;2000;flysat.com
1084;30;12675;5000;flysat.com
1085;30;12683;3124;flysat.com
1086;30;12687;3124;flysat.com
1087;30;12691;3124;flysat.com
1088;30;12707;2220;flysat.com
1089;30;12710;3750;flysat.com
1090;30;12717;7500;flysat.com
1091;30;12726;2000;flysat.com
1092;30;12734;1666;flysat.com
1093;30;12738;4440;flysat.com
1094;28;10773;23000;flysat.com
1095;28;10788;23000;flysat.com
1096;28;10818;23000;flysat.com
1097;28;10847;23000;flysat.com
1098;28;10891;22000;flysat.com
1099;28;10936;23000;flysat.com
1100;28;11023;23000;flysat.com
1101;28;11038;23000;flysat.com
1102;28;11045;17138;flysat.com
1103;28;11082;23000;flysat.com
1104;28;11095;30000;flysat.com
1105;28;11112;23000;flysat.com
1106;28;11127;22000;flysat.com
1107;28;11141;23000;flysat.com
1108;28;11177;3240;flysat.com
1109;28;11180;3240;flysat.com
1110;28;11183;2865;flysat.com
1111;28;11187;2865;flysat.com
1112;28;11225;27500;flysat.com
1113;28;11225;23000;flysat.com
1114;28;11264;27500;flysat.com
1115;28;11265;27500;flysat.com
1116;28;11306;27500;flysat.com
1117;28;11307;27500;flysat.com
1118;28;11344;27500;flysat.com
1119;28;11344;27500;flysat.com
1120;28;11386;27500;flysat.com
1121;28;11386;27500;flysat.com
1122;28;11426;29500;flysat.com
1123;28;11426;27500;flysat.com
1124;28;11463;9750;flysat.com
1125;28;11482;4932;flysat.com
1126;28;11494;22000;flysat.com
1127;28;11509;23000;flysat.com
1128;28;11523;23000;flysat.com
1129;28;11553;23000;flysat.com
1130;28;11554;34278;flysat.com
1131;28;11568;22000;flysat.com
1132;28;11582;23000;flysat.com
1133;28;11595;30000;flysat.com
1134;28;11597;22000;flysat.com
1135;28;11612;22000;flysat.com
1136;28;11627;22000;flysat.com
1137;28;11628;20000;flysat.com
1138;28;11635;30000;flysat.com
1139;28;11635;29970;flysat.com
1140;28;11641;23000;flysat.com
1141;28;11656;22000;flysat.com
1142;28;11671;23000;flysat.com
1143;28;11681;22852;flysat.com
1144;28;11686;23000;flysat.com
1145;28;11739;31420;flysat.com
1146;28;11758;27500;flysat.com
1147;28;11778;27500;flysat.com
1148;28;11798;30000;flysat.com
1149;28;11816;27500;flysat.com
1150;28;11856;27500;flysat.com
1151;28;11934;27500;flysat.com
1152;28;12012;27500;flysat.com
1153;28;12090;29500;flysat.com
1154;28;12110;27500;flysat.com
1155;28;12129;27500;flysat.com
1156;28;12148;27500;flysat.com
1157;28;12168;27500;flysat.com
1158;28;12188;27500;flysat.com
1159;28;12207;27500;flysat.com
1160;28;12226;27500;flysat.com
1161;28;12246;27500;flysat.com
1162;28;12266;27500;flysat.com
1163;28;12285;27500;flysat.com
1164;28;12324;27500;flysat.com
1165;28;12363;27500;flysat.com
1166;28;12382;29500;flysat.com
1167;28;12503;2400;flysat.com
1168;28;12506;4500;flysat.com
1169;28;12509;9860;flysat.com
1170;28;12512;4500;flysat.com
1171;28;12515;4285;flysat.com
1172;28;12518;15000;flysat.com
1173;28;12519;14250;flysat.com
1174;28;12521;7200;flysat.com
1175;28;12524;7500;flysat.com
1176;28;12525;30000;flysat.com
1177;28;12535;5930;flysat.com
1178;28;12538;7500;flysat.com
1179;28;12540;4800;flysat.com
1180;28;12542;15000;flysat.com
1181;28;12543;7230;flysat.com
1182;28;12545;22000;flysat.com
1183;28;12546;3750;flysat.com
1184;28;12547;7000;flysat.com
1185;28;12550;3560;flysat.com
1186;28;12550;9862;flysat.com
1187;28;12553;7200;flysat.com
1188;28;12554;1256;flysat.com
1189;28;12556;3600;flysat.com
1190;28;12556;6650;flysat.com
1191;28;12559;3600;flysat.com
1192;28;12561;4800;flysat.com
1193;28;12570;4800;flysat.com
1194;28;12572;14250;flysat.com
1195;28;12573;3600;flysat.com
1196;28;12576;9230;flysat.com
1197;28;12582;7200;flysat.com
1198;28;12588;9600;flysat.com
1199;28;12596;7200;flysat.com
1200;28;12601;14400;flysat.com
1201;28;12605;30000;flysat.com
1202;28;12612;2400;flysat.com
1203;28;12616;15000;flysat.com
1204;28;12625;3650;flysat.com
1205;28;12628;7200;flysat.com
1206;28;12630;6666;flysat.com
1207;28;12631;15000;flysat.com
1208;28;12633;9600;flysat.com
1209;28;12635;7120;flysat.com
1210;28;12636;15000;flysat.com
1211;28;12642;7120;flysat.com
1212;28;12643;4814;flysat.com
1213;28;12645;32700;flysat.com
1214;28;12645;3600;flysat.com
1215;28;12648;5000;flysat.com
1216;28;12656;7200;flysat.com
1217;28;12659;2400;flysat.com
1218;28;12662;2400;flysat.com
1219;28;12665;2400;flysat.com
1220;28;12670;7200;flysat.com
1221;28;12673;4800;flysat.com
1222;28;12678;4800;flysat.com
1223;28;12691;24765;flysat.com
1224;28;12695;7500;flysat.com
1225;28;12706;3600;flysat.com
1226;28;12716;7500;flysat.com
1227;28;12722;22000;flysat.com
1228;26;3948;3020;flysat.com
1229;26;4023;5800;flysat.com
1230;26;4046;8500;flysat.com
1231;26;4079;51430;flysat.com
1232;26;4085;3330;flysat.com
1233;26;4099;20000;flysat.com
1234;26;4130;34287;flysat.com
1235;26;4170;34287;flysat.com
1236;26;10492;1500;flysat.com
1237;26;10493;1000;flysat.com
1238;26;10493.85;1000;flysat.com
1239;26;10494.81;500;flysat.com
1240;26;10495.8;1000;flysat.com
1241;26;10496;1000;flysat.com
1242;26;10497.8;333;flysat.com
1243;26;10497.84;333;flysat.com
1244;26;10498.25;333;flysat.com
1245;26;10499;333;flysat.com
1246;26;10730;27500;flysat.com
1247;26;10730;30000;flysat.com
1248;26;10770;27500;flysat.com
1249;26;10770;27500;flysat.com
1250;26;10810;27500;flysat.com
1251;26;10810;27500;flysat.com
1252;26;10850;27500;flysat.com
1253;26;10850;27500;flysat.com
1254;26;10890;27500;flysat.com
1255;26;10954;790;flysat.com
1256;26;10956;3300;flysat.com
1257;26;10960;3330;flysat.com
1258;26;10960;2800;flysat.com
1259;26;10964;3500;flysat.com
1260;26;10971;1290;flysat.com
1261;26;10974;3750;flysat.com
1262;26;10985;2192;flysat.com
1263;26;10995;9500;flysat.com
1264;26;11005;1280;flysat.com
1265;26;11006;2360;flysat.com
1266;26;11015;460;flysat.com
1267;26;11022;4444;flysat.com
1268;26;11023;2500;flysat.com
1269;26;11045;27500;flysat.com
1270;26;11061;11427;flysat.com
1271;26;11068;1665;flysat.com
1272;26;11071;1665;flysat.com
1273;26;11073;3750;flysat.com
1274;26;11092;9932;flysat.com
1275;26;11093;11426;flysat.com
1276;26;11108;2500;flysat.com
1277;26;11113;1614;flysat.com
1278;26;11174;47615;flysat.com
1279;26;11180;27500;flysat.com
1280;26;11230;27500;flysat.com
1281;26;11230;27500;flysat.com
1282;26;11270;27500;flysat.com
1283;26;11310;27500;flysat.com
1284;26;11310;30000;flysat.com
1285;26;11350;27500;flysat.com
1286;26;11350;27500;flysat.com
1287;26;11390;27500;flysat.com
1288;26;11390;27500;flysat.com
1289;26;11430;27500;flysat.com
1290;26;11455;2500;flysat.com
1291;26;11464;2720;flysat.com
1292;26;11475;2400;flysat.com
1293;26;11478;2000;flysat.com
1294;26;11481;6500;flysat.com
1295;26;11490;1140;flysat.com
1296;26;11491;180;flysat.com
1297;26;11492;2500;flysat.com
1298;26;11494;1660;flysat.com
1299;26;11496;1660;flysat.com
1300;26;11500;1626;flysat.com
1301;26;11500;1660;flysat.com
1302;26;11502;1660;flysat.com
1303;26;11504;900;flysat.com
1304;26;11515;32730;flysat.com
1305;26;11516;3500;flysat.com
1306;26;11517;16360;flysat.com
1307;26;11523;1483;flysat.com
1308;26;11523;4440;flysat.com
1309;26;11547;27500;flysat.com
1310;26;11566;30000;flysat.com
1311;26;11574;10000;flysat.com
1312;26;11599;1714;flysat.com
1313;26;11604;27500;flysat.com
1314;26;11623;27500;flysat.com
1315;26;11628;3333;flysat.com
1316;26;11649;1346;flysat.com
1317;26;11654;5925;flysat.com
1318;26;11657;1714;flysat.com
1319;26;11661;3330;flysat.com
1320;26;11665;2416;flysat.com
1321;26;11669;5000;flysat.com
1322;26;11674;4833;flysat.com
1323;26;11675;30000;flysat.com
1324;26;11686;2416;flysat.com
1325;26;11689;2416;flysat.com
1326;26;11747;27500;flysat.com
1327;26;11785;27500;flysat.com
1328;26;11862;27500;flysat.com
1329;26;11881;27500;flysat.com
1330;26;11900;27500;flysat.com
1331;26;11919;27500;flysat.com
1332;26;11938;27500;flysat.com
1333;26;11958;27500;flysat.com
1334;26;11977;27500;flysat.com
1335;26;11996;27500;flysat.com
1336;26;12054;27500;flysat.com
1337;26;12073;27500;flysat.com
1338;26;12092;27500;flysat.com
1339;26;12111;27500;flysat.com
1340;26;12130;30000;flysat.com
1341;26;12149;27500;flysat.com
1342;26;12169;22000;flysat.com
1343;26;12226;27500;flysat.com
1344;26;12245;27500;flysat.com
1345;26;12265;30000;flysat.com
1346;26;12265;27500;flysat.com
1347;26;12284;27500;flysat.com
1348;26;12284;30000;flysat.com
1349;26;12303;27500;flysat.com
1350;26;12303;32000;flysat.com
1351;26;12322;30000;flysat.com
1352;26;12360;27500;flysat.com
1353;26;12380;27500;flysat.com
1354;26;12399;27500;flysat.com
1355;26;12418;27500;flysat.com
1356;26;12437;27500;flysat.com
1357;26;12456;27500;flysat.com
1358;26;12476;27500;flysat.com
1359;26;12523;27500;flysat.com
1360;26;12523;27500;flysat.com
1361;26;12551;12300;flysat.com
1362;26;12563;27500;flysat.com
1363;26;12566;1500;flysat.com
1364;26;12569;2500;flysat.com
1365;26;12588;7000;flysat.com
1366;26;12608;26000;flysat.com
1367;26;12643;27500;flysat.com
1368;26;12646;4570;flysat.com
1369;26;12656;10000;flysat.com
1370;26;12667;4444;flysat.com
1371;26;12670;7200;flysat.com
1372;26;12673;4444;flysat.com
1373;26;12677;4444;flysat.com
1374;26;12693;2000;flysat.com
1375;26;12705;2400;flysat.com
1376;26;12708;7200;flysat.com
1377;26;12714;7200;flysat.com
1378;26;12717;2500;flysat.com
1379;26;12724;2220;flysat.com
1380;26;12729;3330;flysat.com
1381;26;12730;3330;flysat.com
1382;26;12733;3500;flysat.com
1383;26;12735;3800;flysat.com
1384;26;12736;7400;flysat.com
1385;26;12739;3600;flysat.com
1386;26;20030;49079;flysat.com
1387;26;21420;27500;flysat.com
1388;26;21429;41658;flysat.com
1389;26;21459;27500;flysat.com
1390;26;21479;27500;flysat.com
1391;26;21517;27500;flysat.com
1392;26;21555;27500;flysat.com
1393;26;21594;27500;flysat.com
1394;26;21613;27500;flysat.com
1395;26;21632;27500;flysat.com
1396;26;21662;41666;flysat.com
1397;26;21670;27500;flysat.com
1398;23;11460;4936;flysat.com
1399;23;11463;10000;flysat.com
1400;23;11466;4800;flysat.com
1401;23;11471;22000;flysat.com
1402;23;11474;9876;flysat.com
1403;23;11477;3600;flysat.com
1404;23;11480;7200;flysat.com
1405;23;11486;15000;flysat.com
1406;23;11489;7200;flysat.com
1407;23;11498;3750;flysat.com
1408;23;11501;7200;flysat.com
1409;23;11503;9600;flysat.com
1410;23;11506;4936;flysat.com
1411;23;11509;7000;flysat.com
1412;23;11512;7300;flysat.com
1413;23;11514;30610;flysat.com
1414;23;11514;3000;flysat.com
1415;23;11517;4936;flysat.com
1416;23;11520;7300;flysat.com
1417;23;11524;9876;flysat.com
1418;23;11527;9876;flysat.com
1419;23;11530;7200;flysat.com
1420;23;11540;7200;flysat.com
1421;23;11552;4800;flysat.com
1422;23;11581;2400;flysat.com
1423;23;11584;2400;flysat.com
1424;23;11587;2400;flysat.com
1425;23;11590;2400;flysat.com
1426;23;11593;2400;flysat.com
1427;23;11596;2400;flysat.com
1428;23;11599;2400;flysat.com
1429;23;11603;2400;flysat.com
1430;23;11606;9600;flysat.com
1431;23;11621;7500;flysat.com
1432;23;11624;9875;flysat.com
1433;23;11627;14400;flysat.com
1434;23;11629;20000;flysat.com
1435;23;11634;30000;flysat.com
1436;23;11635;3700;flysat.com
1437;23;11637;30000;flysat.com
1438;23;11640;7500;flysat.com
1439;23;11644;4800;flysat.com
1440;23;11648;7200;flysat.com
1441;23;11651;3600;flysat.com
1442;23;11660;3600;flysat.com
1443;23;11662;7120;flysat.com
1444;23;11665;9600;flysat.com
1445;23;11667;15000;flysat.com
1446;23;11668;3188;flysat.com
1447;23;11670;7200;flysat.com
1448;23;11671;7200;flysat.com
1449;23;11672;22000;flysat.com
1450;23;11675;28800;flysat.com
1451;23;11680;7200;flysat.com
1452;23;11683;3200;flysat.com
1453;23;11686;2400;flysat.com
1454;23;11690;3600;flysat.com
1455;23;11720;31430;flysat.com
1456;23;11739;29900;flysat.com
1457;23;11758;31430;flysat.com
1458;23;11856;29900;flysat.com
1459;23;11895;25715;flysat.com
1460;23;11914;30000;flysat.com
1461;23;11934;29900;flysat.com
1462;23;11973;29900;flysat.com
1463;23;12012;29900;flysat.com
1464;23;12032;27500;flysat.com
1465;23;12070;27500;flysat.com
1466;23;12090;29900;flysat.com
1467;23;12110;29900;flysat.com
1468;23;12129;29900;flysat.com
1469;23;12168;27500;flysat.com
1470;23;12188;29900;flysat.com
1471;23;12266;29900;flysat.com
1472;23;12285;30000;flysat.com
1473;23;12344;29900;flysat.com
1474;23;12363;29500;flysat.com
1475;23;12402;30000;flysat.com
1476;23;12422;30000;flysat.com
1477;23;12441;30000;flysat.com
1478;23;12460;30000;flysat.com
1479;23;12480;30000;flysat.com
1480;23;12530;7200;flysat.com
1481;23;12551;3254;flysat.com
1482;23;12566;7200;flysat.com
1483;23;12635;3250;flysat.com
1484;23;12638;1900;flysat.com
1485;23;12668;1900;flysat.com
1486;23;12672;7500;flysat.com
1487;23;12675;9876;flysat.com
1488;23;12678;15000;flysat.com
1489;23;12681;4938;flysat.com
1490;23;12685;22000;flysat.com
1491;23;12685;30000;flysat.com
1492;23;12698;7200;flysat.com
1493;23;12701;4938;flysat.com
1494;23;12711;4800;flysat.com
1495;23;12712;7200;flysat.com
1496;23;12714;7200;flysat.com
1497;23;12715;14250;flysat.com
1498;23;12717;4800;flysat.com
1499;23;12719;7500;flysat.com
1500;23;12720;7200;flysat.com
1501;23;12723;3333;flysat.com
1502;23;12723;4800;flysat.com
1503;23;12726;7200;flysat.com
1504;23;12727;3333;flysat.com
1505;23;12729;7200;flysat.com
1506;23;12732;9600;flysat.com
1507;23;12735;15000;flysat.com
1508;23;12735;7200;flysat.com
1509;23;12738;7200;flysat.com
1510;23;12741;2400;flysat.com
1511;23;21490;6070;flysat.com
1512;23;21500;1014;flysat.com
1513;23;21506;3636;flysat.com
1514;23;21511;6070;flysat.com
1515;23;21521;3795;flysat.com
1516;23;21568;2850;flysat.com
1517;23;21591;2850;flysat.com
1518;23;21594;2850;flysat.com
1519;23;21601;2850;flysat.com
1520;21;10712;12200;flysat.com
1521;21;10723;32115;flysat.com
1522;21;10856;30000;flysat.com
1523;21;10952;2200;flysat.com
1524;21;10955;2220;flysat.com
1525;21;10958;2950;flysat.com
1526;21;10961;2500;flysat.com
1527;21;10968;3300;flysat.com
1528;21;10970;6000;flysat.com
1529;21;10979;3333;flysat.com
1530;21;10983;1000;flysat.com
1531;21;10988;2300;flysat.com
1532;21;10996;7500;flysat.com
1533;21;10996;10000;flysat.com
1534;21;11001;10000;flysat.com
1535;21;11002;5832;flysat.com
1536;21;11006;7500;flysat.com
1537;21;11006;3332;flysat.com
1538;21;11009;5832;flysat.com
1539;21;11009;10000;flysat.com
1540;21;11012;3300;flysat.com
1541;21;11015;7500;flysat.com
1542;21;11020;3300;flysat.com
1543;21;11023;7500;flysat.com
1544;21;11027;2000;flysat.com
1545;21;11029;2000;flysat.com
1546;21;11036;2100;flysat.com
1547;21;11036;2500;flysat.com
1548;21;11039;1060;flysat.com
1549;21;11047;3200;flysat.com
1550;21;11078;8888;flysat.com
1551;21;11081;10000;flysat.com
1552;21;11088;8888;flysat.com
1553;21;11092;10000;flysat.com
1554;21;11092;5925;flysat.com
1555;21;11106;2667;flysat.com
1556;21;11109;1093;flysat.com
1557;21;11111;2400;flysat.com
1558;21;11111;2666;flysat.com
1559;21;11114;2500;flysat.com
1560;21;11114;2480;flysat.com
1561;21;11117;2200;flysat.com
1562;21;11126;7200;flysat.com
1563;21;11131;15000;flysat.com
1564;21;11135;7200;flysat.com
1565;21;11144;7200;flysat.com
1566;21;11153;2500;flysat.com
1567;21;11156;7200;flysat.com
1568;21;11162;7200;flysat.com
1569;21;11164;1669;flysat.com
1570;21;11179;2700;flysat.com
1571;21;11189;9690;flysat.com
1572;21;11192;1626;flysat.com
1573;21;11222;30000;flysat.com
1574;21;11230;27500;flysat.com
1575;21;11262;24000;flysat.com
1576;21;11267;7618;flysat.com
1577;21;11315;4970;flysat.com
1578;21;11330;21417;flysat.com
1579;21;11345;36000;flysat.com
1580;21;11366;30000;flysat.com
1581;21;11401;6636;flysat.com
1582;21;11464;3300;flysat.com
1583;21;11470;2000;flysat.com
1584;21;11473;2200;flysat.com
1585;21;11475;2300;flysat.com
1586;21;11476;2200;flysat.com
1587;21;11478;825;flysat.com
1588;21;11479;2200;flysat.com
1589;21;11480;2200;flysat.com
1590;21;11482;2240;flysat.com
1591;21;11483;2200;flysat.com
1592;21;11484;2240;flysat.com
1593;21;11484;2160;flysat.com
1594;21;11487;2080;flysat.com
1595;21;11497;1600;flysat.com
1596;21;11500;2300;flysat.com
1597;21;11503;2900;flysat.com
1598;21;11503;1515;flysat.com
1599;21;11507;1800;flysat.com
1600;21;11508;2963;flysat.com
1601;21;11510;2000;flysat.com
1602;21;11511;1667;flysat.com
1603;21;11512;2300;flysat.com
1604;21;11520;7200;flysat.com
1605;21;11520;2856;flysat.com
1606;21;11523;2000;flysat.com
1607;21;11524;2000;flysat.com
1608;21;11525;6556;flysat.com
1609;21;11526;2200;flysat.com
1610;21;11528;4800;flysat.com
1611;21;11528;2500;flysat.com
1612;21;11530;4166;flysat.com
1613;21;11539;3333;flysat.com
1614;21;11540;2307;flysat.com
1615;21;11549;2916;flysat.com
1616;21;11552;2222;flysat.com
1617;21;11554;32720;flysat.com
1618;21;11555;2000;flysat.com
1619;21;11559;5000;flysat.com
1620;21;11564;3333;flysat.com
1621;21;11567;2850;flysat.com
1622;21;11572;3333;flysat.com
1623;21;11575;5830;flysat.com
1624;21;11577;512;flysat.com
1625;21;11579;2500;flysat.com
1626;21;11581;5000;flysat.com
1627;21;11583;8000;flysat.com
1628;21;11583;2850;flysat.com
1629;21;11585;2500;flysat.com
1630;21;11587;5000;flysat.com
1631;21;11588;4166;flysat.com
1632;21;11591;4444;flysat.com
1633;21;11591;4166;flysat.com
1634;21;11595;7500;flysat.com
1635;21;11598;2222;flysat.com
1636;21;11599;255;flysat.com
1637;21;11599.34;186;flysat.com
1638;21;11600.41;170;flysat.com
1639;21;11602;4400;flysat.com
1640;21;11602.57;170;flysat.com
1641;21;11603.86;186;flysat.com
1642;21;11604.01;175;flysat.com
1643;21;11604.31;175;flysat.com
1644;21;11604.52;180;flysat.com
1645;21;11606;1000;flysat.com
1646;21;11609;4400;flysat.com
1647;21;11612;8750;flysat.com
1648;21;11614;4400;flysat.com
1649;21;11616;2600;flysat.com
1650;21;11618;27500;flysat.com
1651;21;11622;1250;flysat.com
1652;21;11626;3300;flysat.com
1653;21;11627;14400;flysat.com
1654;21;11628;4400;flysat.com
1655;21;11637;1600;flysat.com
1656;21;11640;2333;flysat.com
1657;21;11643;1667;flysat.com
1658;21;11645;1600;flysat.com
1659;21;11648;1600;flysat.com
1660;21;11650;1600;flysat.com
1661;21;11652;1600;flysat.com
1662;21;11654;1600;flysat.com
1663;21;11656;2850;flysat.com
1664;21;11656;2500;flysat.com
1665;21;11659;3220;flysat.com
1666;21;11661;2000;flysat.com
1667;21;11662;3220;flysat.com
1668;21;11663;2295;flysat.com
1669;21;11666;2500;flysat.com
1670;21;11670;1900;flysat.com
1671;21;11671;2917;flysat.com
1672;21;11674;2200;flysat.com
1673;21;11675;3214;flysat.com
1674;21;11678;2850;flysat.com
1675;21;11683;5700;flysat.com
1676;21;11684;1100;flysat.com
1677;21;11687;2500;flysat.com
1678;21;11690;2960;flysat.com
1679;21;11692;1100;flysat.com
1680;21;11696;1481;flysat.com
1681;21;11699;2200;flysat.com
1682;21;12505;2250;flysat.com
1683;21;12507;3751;flysat.com
1684;21;12509;3213;flysat.com
1685;21;12510;2222;flysat.com
1686;21;12512;2532;flysat.com
1687;21;12516;2200;flysat.com
1688;21;12521;2856;flysat.com
1689;21;12521;3213;flysat.com
1690;21;12524;3333;flysat.com
1691;21;12524;4297;flysat.com
1692;21;12527;2220;flysat.com
1693;21;12527;4297;flysat.com
1694;21;12527;7200;flysat.com
1695;21;12532;725;flysat.com
1696;21;12533;3333;flysat.com
1697;21;12536;2200;flysat.com
1698;21;12541;6111;flysat.com
1699;21;12544;4297;flysat.com
1700;21;12554;7200;flysat.com
1701;21;12557;2900;flysat.com
1702;21;12567;2592;flysat.com
1703;21;12573;2592;flysat.com
1704;21;12577;2592;flysat.com
1705;21;12580;1600;flysat.com
1706;21;12594;9874;flysat.com
1707;21;12597;14400;flysat.com
1708;21;12615;14400;flysat.com
1709;21;12618;7200;flysat.com
1710;21;12643;9600;flysat.com
1711;21;12648;4444;flysat.com
1712;21;12651;2333;flysat.com
1713;21;12657;3600;flysat.com
1714;21;12663;3200;flysat.com
1715;21;12670;5632;flysat.com
1716;21;12674;3750;flysat.com
1717;21;12678;10170;flysat.com
1718;21;12698;4374;flysat.com
1719;21;12704;4094;flysat.com
1720;21;12719;7362;flysat.com
1721;21;12720;1800;flysat.com
1722;21;12722;1500;flysat.com
1723;21;12732;7200;flysat.com
1724;21;12745;3000;flysat.com
1725;21;12748;2600;flysat.com
1726;20;3567;4100;flysat.com
1727;20;3572;4100;flysat.com
1728;20;3613;4314;flysat.com
1729;20;3719;6136;flysat.com
1730;20;3747;4270;flysat.com
1731;20;3866;1150;flysat.com
1732;20;3884;27500;flysat.com
1733;20;3921;28570;flysat.com
1734;20;3934;27500;flysat.com
1735;20;3965;31649;flysat.com
1736;20;3975;31200;flysat.com
1737;20;4007;22000;flysat.com
1738;20;4021;1000;flysat.com
1739;20;4027;1333;flysat.com
1740;20;4049;25800;flysat.com
1741;20;4054;34285;flysat.com
1742;20;4069;3800;flysat.com
1743;20;4104;17332;flysat.com
1744;20;4136;34285;flysat.com
1745;20;4167;31676;flysat.com
1746;20;4193;1262;flysat.com
1747;19;10758;22000;flysat.com
1748;19;10773;22000;flysat.com
1749;19;10788;22000;flysat.com
1750;19;10803;22000;flysat.com
1751;19;10818;22000;flysat.com
1752;19;10832;22000;flysat.com
1753;19;10847;22000;flysat.com
1754;19;10876;22000;flysat.com
1755;19;10891;22000;flysat.com
1756;19;10906;22000;flysat.com
1757;19;10921;22000;flysat.com
1758;19;10936;22000;flysat.com
1759;19;10964;22000;flysat.com
1760;19;10979;22000;flysat.com
1761;19;10994;22000;flysat.com
1762;19;11009;23500;flysat.com
1763;19;11038;22000;flysat.com
1764;19;11053;22000;flysat.com
1765;19;11068;22000;flysat.com
1766;19;11082;22000;flysat.com
1767;19;11097;22000;flysat.com
1768;19;11112;22000;flysat.com
1769;19;11127;22000;flysat.com
1770;19;11141;23500;flysat.com
1771;19;11156;22000;flysat.com
1772;19;11171;22000;flysat.com
1773;19;11186;22000;flysat.com
1774;19;11208;7200;flysat.com
1775;19;11221;7200;flysat.com
1776;19;11229;22000;flysat.com
1777;19;11244;22000;flysat.com
1778;19;11259;22000;flysat.com
1779;19;11273;22000;flysat.com
1780;19;11288;22000;flysat.com
1781;19;11303;22000;flysat.com
1782;19;11318;22000;flysat.com
1783;19;11324;7200;flysat.com
1784;19;11327;9875;flysat.com
1785;19;11333;4936;flysat.com
1786;19;11347;22000;flysat.com
1787;19;11362;22000;flysat.com
1788;19;11377;22000;flysat.com
1789;19;11391;22000;flysat.com
1790;19;11400;9875;flysat.com
1791;19;11421;22000;flysat.com
1792;19;11429;9875;flysat.com
1793;19;11442;9875;flysat.com
1794;19;11464;22000;flysat.com
1795;19;11494;22000;flysat.com
1796;19;11509;22000;flysat.com
1797;19;11523;22000;flysat.com
1798;19;11538;22000;flysat.com
1799;19;11553;22000;flysat.com
1800;19;11559;9874;flysat.com
1801;19;11572;9874;flysat.com
1802;19;11575;9874;flysat.com
1803;19;11582;22000;flysat.com
1804;19;11589;7200;flysat.com
1805;19;11598;7200;flysat.com
1806;19;11600;4800;flysat.com
1807;19;11604;2200;flysat.com
1808;19;11605;7200;flysat.com
1809;19;11606;1000;flysat.com
1810;19;11618;7200;flysat.com
1811;19;11620;9875;flysat.com
1812;19;11632;7200;flysat.com
1813;19;11645;68570;flysat.com
1814;19;11648;7200;flysat.com
1815;19;11651;68570;flysat.com
1816;19;11656;7200;flysat.com
1817;19;11671;22000;flysat.com
1818;19;11694;940;flysat.com
1819;19;11695;285;flysat.com
1820;19;11697;2915;flysat.com
1821;19;11739;27500;flysat.com
1822;19;11758;27500;flysat.com
1823;19;11778;29500;flysat.com
1824;19;11798;27500;flysat.com
1825;19;11817;31428;flysat.com
1826;19;11836;27500;flysat.com
1827;19;11856;29700;flysat.com
1828;19;11876;34288;flysat.com
1829;19;11895;29700;flysat.com
1830;19;11914;27500;flysat.com
1831;19;11934;29700;flysat.com
1832;19;11954;27500;flysat.com
1833;19;11973;27500;flysat.com
1834;19;11992;27500;flysat.com
1835;19;12012;29700;flysat.com
1836;19;12032;27500;flysat.com
1837;19;12051;27500;flysat.com
1838;19;12090;29700;flysat.com
1839;19;12110;27500;flysat.com
1840;19;12148;27500;flysat.com
1841;19;12168;29700;flysat.com
1842;19;12188;27500;flysat.com
1843;19;12207;29700;flysat.com
1844;19;12226;27500;flysat.com
1845;19;12246;30940;flysat.com
1846;19;12285;29700;flysat.com
1847;19;12304;27500;flysat.com
1848;19;12324;29700;flysat.com
1849;19;12344;30000;flysat.com
1850;19;12363;27500;flysat.com
1851;19;12382;27500;flysat.com
1852;19;12402;29700;flysat.com
1853;19;12422;27500;flysat.com
1854;19;12441;27500;flysat.com
1855;19;12460;27500;flysat.com
1856;19;12480;27500;flysat.com
1857;19;12515;22000;flysat.com
1858;19;12545;22000;flysat.com
1859;19;12552;22000;flysat.com
1860;19;12574;22000;flysat.com
1861;19;12604;22000;flysat.com
1862;19;12610;22000;flysat.com
1863;19;12633;22000;flysat.com
1864;19;12640;23500;flysat.com
1865;19;12663;22000;flysat.com
1866;19;12670;23500;flysat.com
1867;19;12728;23500;flysat.com
1868;17;3703;5000;flysat.com
1869;17;3733;10000;flysat.com
1870;17;3757;11647;flysat.com
1871;17;3880;1667;flysat.com
1872;17;4118;1100;flysat.com
1873;17;11718;30000;flysat.com
1874;17;11881;30000;flysat.com
1875;17;11968;34030;flysat.com
1876;17;12169;30000;flysat.com
1877;17;12216;30000;flysat.com
1878;17;12333;30000;flysat.com
1879;17;12707;5835;flysat.com
1880;17;20001;44765;flysat.com
1881;17;20728;10000;flysat.com
1882;17;20740;10000;flysat.com
1883;17;20750;10000;flysat.com
1884;17;20766;20000;flysat.com
1885;17;20865;3000;flysat.com
1886;17;20900;499;flysat.com
1887;16;10721;30000;flysat.com
1888;16;10762;30000;flysat.com
1889;16;10804;29950;flysat.com
1890;16;10804;30000;flysat.com
1891;16;10845;30000;flysat.com
1892;16;10845;30000;flysat.com
1893;16;10887;30000;flysat.com
1894;16;10887;30000;flysat.com
1895;16;10928;30000;flysat.com
1896;16;10928;30000;flysat.com
1897;16;10957;3333;flysat.com
1898;16;10961;3333;flysat.com
1899;16;10961;2400;flysat.com
1900;16;10964;14000;flysat.com
1901;16;10964;14400;flysat.com
1902;16;10967;3750;flysat.com
1903;16;10968;7200;flysat.com
1904;16;10969;5632;flysat.com
1905;16;10973;3000;flysat.com
1906;16;10977;7500;flysat.com
1907;16;10981;3750;flysat.com
1908;16;10985;9600;flysat.com
1909;16;10988;9714;flysat.com
1910;16;10990;3400;flysat.com
1911;16;10994;4937;flysat.com
1912;16;10996;5713;flysat.com
1913;16;10997;7200;flysat.com
1914;16;11000;13000;flysat.com
1915;16;11000;5000;flysat.com
1916;16;11003;6111;flysat.com
1917;16;11006;4937;flysat.com
1918;16;11006;5000;flysat.com
1919;16;11012;4937;flysat.com
1920;16;11015;7200;flysat.com
1921;16;11016;7200;flysat.com
1922;16;11019;14400;flysat.com
1923;16;11021;9700;flysat.com
1924;16;11022;7200;flysat.com
1925;16;11024;3333;flysat.com
1926;16;11025;6111;flysat.com
1927;16;11041;2916;flysat.com
1928;16;11053.07;176;flysat.com
1929;16;11054.09;365;flysat.com
1930;16;11054.88;176;flysat.com
1931;16;11055;27500;flysat.com
1932;16;11055.22;354;flysat.com
1933;16;11055.72;376;flysat.com
1934;16;11059;3400;flysat.com
1935;16;11061;4165;flysat.com
1936;16;11061;7200;flysat.com
1937;16;11064;3600;flysat.com
1938;16;11064;3200;flysat.com
1939;16;11080;10000;flysat.com
1940;16;11083;10000;flysat.com
1941;16;11094;27500;flysat.com
1942;16;11103;14400;flysat.com
1943;16;11106;7120;flysat.com
1944;16;11108;7200;flysat.com
1945;16;11126;7200;flysat.com
1946;16;11130;9876;flysat.com
1947;16;11135;7200;flysat.com
1948;16;11139;27500;flysat.com
1949;16;11139;5000;flysat.com
1950;16;11144;7200;flysat.com
1951;16;11150;14400;flysat.com
1952;16;11153;7200;flysat.com
1953;16;11157;12850;flysat.com
1954;16;11163;6666;flysat.com
1955;16;11166;14400;flysat.com
1956;16;11172;7200;flysat.com
1957;16;11176;10000;flysat.com
1958;16;11178;27500;flysat.com
1959;16;11179;14400;flysat.com
1960;16;11182;7200;flysat.com
1961;16;11184;14400;flysat.com
1962;16;11189;7200;flysat.com
1963;16;11192;5000;flysat.com
1964;16;11216;22500;flysat.com
1965;16;11231;42000;flysat.com
1966;16;11234;7500;flysat.com
1967;16;11262;30000;flysat.com
1968;16;11283;30000;flysat.com
1969;16;11324;30000;flysat.com
1970;16;11366;30000;flysat.com
1971;16;11387;32000;flysat.com
1972;16;11401;17500;flysat.com
1973;16;11429;28330;flysat.com
1974;16;11471;30000;flysat.com
1975;16;11471;30000;flysat.com
1976;16;11471;30000;flysat.com
1977;16;11512;30000;flysat.com
1978;16;11512;30000;flysat.com
1979;16;11512;29950;flysat.com
1980;16;11554;30000;flysat.com
1981;16;11554;30000;flysat.com
1982;16;11554;30000;flysat.com
1983;16;11595;30000;flysat.com
1984;16;11595;30000;flysat.com
1985;16;11596;29980;flysat.com
1986;16;11637;30000;flysat.com
1987;16;11637;30000;flysat.com
1988;16;11637;30000;flysat.com
1989;16;11678;30000;flysat.com
1990;16;11678;30000;flysat.com
1991;16;12507;1585;flysat.com
1992;16;12508;4937;flysat.com
1993;16;12511;7200;flysat.com
1994;16;12514;3165;flysat.com
1995;16;12516;4937;flysat.com
1996;16;12517;3200;flysat.com
1997;16;12520;7120;flysat.com
1998;16;12522;10833;flysat.com
1999;16;12524;4800;flysat.com
2000;16;12533;10832;flysat.com
2001;16;12537;13910;flysat.com
2002;16;12543;3166;flysat.com
2003;16;12549;6332;flysat.com
2004;16;12550;7200;flysat.com
2005;16;12552;9500;flysat.com
2006;16;12556;6333;flysat.com
2007;16;12559;9500;flysat.com
2008;16;12562;30000;flysat.com
2009;16;12563;3703;flysat.com
2010;16;12567;405;flysat.com
2011;16;12568;16667;flysat.com
2012;16;12568;405;flysat.com
2013;16;12571;4937;flysat.com
2014;16;12589;146;flysat.com
2015;16;12589;7200;flysat.com
2016;16;12593;2500;flysat.com
2017;16;12595;15000;flysat.com
2018;16;12597;14400;flysat.com
2019;16;12601;19200;flysat.com
2020;16;12602;2850;flysat.com
2021;16;12604;30000;flysat.com
2022;16;12605;1415;flysat.com
2023;16;12605;7125;flysat.com
2024;16;12606;30000;flysat.com
2025;16;12607;2850;flysat.com
2026;16;12610;19200;flysat.com
2027;16;12610;2735;flysat.com
2028;16;12618;9600;flysat.com
2029;16;12621;8140;flysat.com
2030;16;12625;1650;flysat.com
2031;16;12625;2200;flysat.com
2032;16;12625;3615;flysat.com
2033;16;12628;3165;flysat.com
2034;16;12628;1650;flysat.com
2035;16;12628;2200;flysat.com
2036;16;12630;3615;flysat.com
2037;16;12634;13000;flysat.com
2038;16;12643;27500;flysat.com
2039;16;12648;5000;flysat.com
2040;16;12653;3167;flysat.com
2041;16;12657;3167;flysat.com
2042;16;12660;4100;flysat.com
2043;16;12674;3166;flysat.com
2044;16;12677;7000;flysat.com
2045;16;12679;5000;flysat.com
2046;16;12682;7425;flysat.com
2047;16;12687;30000;flysat.com
2048;16;12689;6000;flysat.com
2049;16;12692;9600;flysat.com
2050;16;12693;2222;flysat.com
2051;16;12695;7200;flysat.com
2052;16;12698;6000;flysat.com
2053;16;12699;9880;flysat.com
2054;16;12701;4800;flysat.com
2055;16;12704;6000;flysat.com
2056;16;12706;2670;flysat.com
2057;16;12707;8000;flysat.com
2058;16;12710;3550;flysat.com
2059;16;12712;2670;flysat.com
2060;16;12713;3166;flysat.com
2061;16;12716;4167;flysat.com
2062;16;12719;5000;flysat.com
2063;16;12720;6000;flysat.com
2064;16;12723;7200;flysat.com
2065;16;12724;4100;flysat.com
2066;16;12728;6000;flysat.com
2067;16;12731;1697;flysat.com
2068;16;12731;19200;flysat.com
2069;16;12734;3780;flysat.com
2070;16;12734;13333;flysat.com
2071;16;12737;9876;flysat.com
2072;16;12738;2666;flysat.com
2073;16;12740;2400;flysat.com
2074;16;12743;4936;flysat.com
2075;16;12743;1000;flysat.com
2076;16;21534;1833;flysat.com
2077;16;21538;1054;flysat.com
2078;16;21557;1250;flysat.com
2079;16;21562;1010;flysat.com
2080;16;21563;1250;flysat.com
2081;16;21564;128;flysat.com
2082;16;21568;1383;flysat.com
2083;16;21572;2900;flysat.com
2084;16;21576;3675;flysat.com
2085;16;21578;2291;flysat.com
2086;13;10719;27500;flysat.com
2087;13;10727;30000;flysat.com
2088;13;10758;27500;flysat.com
2089;13;10796;27500;flysat.com
2090;13;10853;29900;flysat.com
2091;13;10873;27500;flysat.com
2092;13;10911;27500;flysat.com
2093;13;10930;30000;flysat.com
2094;13;10949;27500;flysat.com
2095;13;10971;29700;flysat.com
2096;13;10992;27500;flysat.com
2097;13;11013;29900;flysat.com
2098;13;11034;27500;flysat.com
2099;13;11075;30000;flysat.com
2100;13;11096;30000;flysat.com
2101;13;11117;27500;flysat.com
2102;13;11137;27500;flysat.com
2103;13;11158;27500;flysat.com
2104;13;11179;27500;flysat.com
2105;13;11187;7200;flysat.com
2106;13;11190;14400;flysat.com
2107;13;11199;9600;flysat.com
2108;13;11211;9600;flysat.com
2109;13;11219;33000;flysat.com
2110;13;11240;27500;flysat.com
2111;13;11258;27500;flysat.com
2112;13;11278;27500;flysat.com
2113;13;11296;27500;flysat.com
2114;13;11334;27500;flysat.com
2115;13;11355;27500;flysat.com
2116;13;11373;27500;flysat.com
2117;13;11393;27500;flysat.com
2118;13;11411;27500;flysat.com
2119;13;11432;29900;flysat.com
2120;13;11449;27500;flysat.com
2121;13;11470;33000;flysat.com
2122;13;11488;27500;flysat.com
2123;13;11508;27500;flysat.com
2124;13;11526;33000;flysat.com
2125;13;11566;29900;flysat.com
2126;13;11585;27500;flysat.com
2127;13;11590;7200;flysat.com
2128;13;11599;7200;flysat.com
2129;13;11615;14400;flysat.com
2130;13;11628;7200;flysat.com
2131;13;11633;14400;flysat.com
2132;13;11639;2222;flysat.com
2133;13;11642;27500;flysat.com
2134;13;11662;27500;flysat.com
2135;13;11681;27500;flysat.com
2136;13;11727;29900;flysat.com
2137;13;11747;27500;flysat.com
2138;13;11766;29900;flysat.com
2139;13;11785;27500;flysat.com
2140;13;11804;30000;flysat.com
2141;13;11823;27500;flysat.com
2142;13;11843;29900;flysat.com
2143;13;11862;29900;flysat.com
2144;13;11881;27500;flysat.com
2145;13;11919;29900;flysat.com
2146;13;11938;30000;flysat.com
2147;13;11958;27500;flysat.com
2148;13;11977;29900;flysat.com
2149;13;11996;29900;flysat.com
2150;13;12015;27500;flysat.com
2151;13;12034;29900;flysat.com
2152;13;12054;29900;flysat.com
2153;13;12073;29900;flysat.com
2154;13;12111;27500;flysat.com
2155;13;12130;30000;flysat.com
2156;13;12149;27500;flysat.com
2157;13;12169;30000;flysat.com
2158;13;12188;27500;flysat.com
2159;13;12207;29900;flysat.com
2160;13;12226;27500;flysat.com
2161;13;12265;27500;flysat.com
2162;13;12284;27500;flysat.com
2163;13;12303;27500;flysat.com
2164;13;12322;27500;flysat.com
2165;13;12341;29900;flysat.com
2166;13;12380;30000;flysat.com
2167;13;12399;29700;flysat.com
2168;13;12418;29900;flysat.com
2169;13;12466;29900;flysat.com
2170;13;12476;29900;flysat.com
2171;13;12520;27500;flysat.com
2172;13;12558;27500;flysat.com
2173;13;12577;27500;flysat.com
2174;13;12584;9800;flysat.com
2175;13;12592;21600;flysat.com
2176;13;12596;9800;flysat.com
2177;13;12600;7200;flysat.com
2178;13;12608;9800;flysat.com
2179;13;12616;30000;flysat.com
2180;13;12617;7200;flysat.com
2181;13;12635;30000;flysat.com
2182;13;12654;30000;flysat.com
2183;13;12673;30000;flysat.com
2184;13;12692;27500;flysat.com
2185;13;12713;30000;flysat.com
2186;13;12731;30000;flysat.com
2187;10;3750;2500;flysat.com
2188;10;3819;1200;flysat.com
2189;10;3835;1650;flysat.com
2190;10;3860;4042;flysat.com
2191;10;3861;3087;flysat.com
2192;10;3870;3333;flysat.com
2193;10;3874;2080;flysat.com
2194;10;3888;7200;flysat.com
2195;10;3895;3750;flysat.com
2196;10;3899;23330;flysat.com
2197;10;3900;3750;flysat.com
2198;10;3904;3750;flysat.com
2199;10;3909;2750;flysat.com
2200;10;3917;5210;flysat.com
2201;10;3925;4040;flysat.com
2202;10;3925;4040;flysat.com
2203;10;3949;1212;flysat.com
2204;10;3974;4475;flysat.com
2205;10;3982;23333;flysat.com
2206;10;3987;18260;flysat.com
2207;10;4005;14760;flysat.com
2208;10;4009;3600;flysat.com
2209;10;4026;23000;flysat.com
2210;10;4028;2483;flysat.com
2211;10;4039;3333;flysat.com
2212;10;4067;1333;flysat.com
2213;10;4091;20952;flysat.com
2214;10;4117;2167;flysat.com
2215;10;4147;68500;flysat.com
2216;10;4158;45000;flysat.com
2217;10;10732;34000;flysat.com
2218;10;10737;7200;flysat.com
2219;10;10768;34000;flysat.com
2220;10;10771;22963;flysat.com
2221;10;10774;7200;flysat.com
2222;10;10779;9600;flysat.com
2223;10;10781;9600;flysat.com
2224;10;10823;30124;flysat.com
2225;10;10827;36815;flysat.com
2226;10;10853;25545;flysat.com
2227;10;10880;10038;flysat.com
2228;10;10896;1934;flysat.com
2229;10;10907;54270;flysat.com
2230;10;10920;63900;flysat.com
2231;10;10946;23426;flysat.com
2232;10;10976;25545;flysat.com
2233;10;10994;9525;flysat.com
2234;10;11111;83700;flysat.com
2235;10;11166;5000;flysat.com
2236;10;11176;5000;flysat.com
2237;10;11194;7200;flysat.com
2238;10;11200;35291;flysat.com
2239;10;11221;30000;flysat.com
2240;10;11221;30000;flysat.com
2241;10;11251;6900;flysat.com
2242;10;11276;7120;flysat.com
2243;10;11291;9875;flysat.com
2244;10;11291;9875;flysat.com
2245;10;11295;14400;flysat.com
2246;10;11296;7200;flysat.com
2247;10;11302;7200;flysat.com
2248;10;11305;7120;flysat.com
2249;10;11309;15000;flysat.com
2250;10;11312;7200;flysat.com
2251;10;11313;14400;flysat.com
2252;10;11315;7200;flysat.com
2253;10;11317;7200;flysat.com
2254;10;11323;2000;flysat.com
2255;10;11329;7200;flysat.com
2256;10;11332;7200;flysat.com
2257;10;11345;10000;flysat.com
2258;10;11347;7200;flysat.com
2259;10;11376;26770;flysat.com
2260;10;11377;26766;flysat.com
2261;10;11381;36805;flysat.com
2262;10;11382;33469;flysat.com
2263;10;11408;25545;flysat.com
2264;10;11409;25545;flysat.com
2265;10;11440;63900;flysat.com
2266;10;11447;63900;flysat.com
2267;10;11479;6667;flysat.com
2268;10;11487;9522;flysat.com
2269;10;11538;57140;flysat.com
2270;10;11687;9523;flysat.com
2271;10;12506;255;flysat.com
2272;10;12527;2333;flysat.com
2273;10;12533;1144;flysat.com
2274;10;12555;1000;flysat.com
2275;10;12598;1013;flysat.com
2276;10;12625;23428;flysat.com
2277;10;12643;2061;flysat.com
2278;10;12736;4000;flysat.com
2279;9;11727;30000;flysat.com
2280;9;11727.0;30000;flysat.com
2281;9;11785;27500;flysat.com
2282;9;11804;27500;flysat.com
2283;9;11823;27500;flysat.com
2284;9;11843;27500;flysat.com
2285;9;11862;27500;flysat.com
2286;9;11881;30000;flysat.com
2287;9;11900;27500;flysat.com
2288;9;11919;30000;flysat.com
2289;9;11938;27500;flysat.com
2290;9;11958;27500;flysat.com
2291;9;11977;30000;flysat.com
2292;9;11996;27500;flysat.com
2293;9;12015;27500;flysat.com
2294;9;12034;27500;flysat.com
2295;9;12054;27500;flysat.com
2296;9;12092;27500;flysat.com
2297;9;12111;31400;flysat.com
2298;9;12149;31400;flysat.com
2299;9;12169;27500;flysat.com
2300;9;12207;27500;flysat.com
2301;9;12226;31400;flysat.com
2302;9;12226;30000;flysat.com
2303;9;12245;27500;flysat.com
2304;9;12284;27500;flysat.com
2305;9;12303;30000;flysat.com
2306;9;12303;31400;flysat.com
2307;9;12341;31400;flysat.com
2308;9;12380;31400;flysat.com
2309;9;12399;27500;flysat.com
2310;9;12466;41950;flysat.com
2311;9;12476;27500;flysat.com
2312;7;10721;22000;flysat.com
2313;7;10722;27500;flysat.com
2314;7;10762;30000;flysat.com
2315;7;10762;30000;flysat.com
2316;7;10804;34290;flysat.com
2317;7;10845;30000;flysat.com
2318;7;10845;34290;flysat.com
2319;7;10887;30000;flysat.com
2320;7;10958;4434;flysat.com
2321;7;10959;8570;flysat.com
2322;7;10961;9875;flysat.com
2323;7;10961;8023;flysat.com
2324;7;10964;16951;flysat.com
2325;7;10965;16961;flysat.com
2326;7;10967;22861;flysat.com
2327;7;10968;7200;flysat.com
2328;7;10970;4936;flysat.com
2329;7;10971;30000;flysat.com
2330;7;10973;9874;flysat.com
2331;7;10973;11244;flysat.com
2332;7;10976;4938;flysat.com
2333;7;10977;8023;flysat.com
2334;7;10978;8023;flysat.com
2335;7;10981;45000;flysat.com
2336;7;10982;17647;flysat.com
2337;7;10983;16950;flysat.com
2338;7;10985;11245;flysat.com
2339;7;10987;4936;flysat.com
2340;7;10987;8023;flysat.com
2341;7;10990;4936;flysat.com
2342;7;10990;19200;flysat.com
2343;7;10993;22861;flysat.com
2344;7;10994;4827;flysat.com
2345;7;10997;9875;flysat.com
2346;7;10998;9875;flysat.com
2347;7;11000;16965;flysat.com
2348;7;11001;4937;flysat.com
2349;7;11005;6666;flysat.com
2350;7;11005;4936;flysat.com
2351;7;11005;8023;flysat.com
2352;7;11007;4937;flysat.com
2353;7;11009;9875;flysat.com
2354;7;11009;3750;flysat.com
2355;7;11012;4433;flysat.com
2356;7;11012;7200;flysat.com
2357;7;11016;22861;flysat.com
2358;7;11017;3750;flysat.com
2359;7;11019;17145;flysat.com
2360;7;11020;7200;flysat.com
2361;7;11023;7200;flysat.com
2362;7;11023;8023;flysat.com
2363;7;11026;6666;flysat.com
2364;7;11040;1904;flysat.com
2365;7;11043;7200;flysat.com
2366;7;11043;4936;flysat.com
2367;7;11044;45000;flysat.com
2368;7;11047;16961;flysat.com
2369;7;11049;4936;flysat.com
2370;7;11051;22860;flysat.com
2371;7;11054;4936;flysat.com
2372;7;11055;9875;flysat.com
2373;7;11057;30000;flysat.com
2374;7;11059;4936;flysat.com
2375;7;11061;4934;flysat.com
2376;7;11061;7200;flysat.com
2377;7;11063;20926;flysat.com
2378;7;11065;9876;flysat.com
2379;7;11066;16961;flysat.com
2380;7;11070;7200;flysat.com
2381;7;11070;8023;flysat.com
2382;7;11075;22861;flysat.com
2383;7;11075;22860;flysat.com
2384;7;11078;7200;flysat.com
2385;7;11078;7200;flysat.com
2386;7;11080;9876;flysat.com
2387;7;11080;9875;flysat.com
2388;7;11083;17145;flysat.com
2389;7;11083;4434;flysat.com
2390;7;11084;17145;flysat.com
2391;7;11088;6666;flysat.com
2392;7;11090;4937;flysat.com
2393;7;11090;7200;flysat.com
2394;7;11093;30000;flysat.com
2395;7;11093;11000;flysat.com
2396;7;11096;6666;flysat.com
2397;7;11096;4936;flysat.com
2398;7;11099;22861;flysat.com
2399;7;11099;4000;flysat.com
2400;7;11102;16965;flysat.com
2401;7;11104;9875;flysat.com
2402;7;11106;45000;flysat.com
2403;7;11107;8023;flysat.com
2404;7;11107;8023;flysat.com
2405;7;11123;3333;flysat.com
2406;7;11126;7450;flysat.com
2407;7;11126;7200;flysat.com
2408;7;11129;9700;flysat.com
2409;7;11129;9876;flysat.com
2410;7;11132;17145;flysat.com
2411;7;11132;15000;flysat.com
2412;7;11135;18755;flysat.com
2413;7;11135;6666;flysat.com
2414;7;11138;3366;flysat.com
2415;7;11140;14400;flysat.com
2416;7;11140;9600;flysat.com
2417;7;11143;7500;flysat.com
2418;7;11143;7200;flysat.com
2419;7;11146;7200;flysat.com
2420;7;11146;19200;flysat.com
2421;7;11148;4800;flysat.com
2422;7;11149;17145;flysat.com
2423;7;11150;3600;flysat.com
2424;7;11152;4165;flysat.com
2425;7;11153;9800;flysat.com
2426;7;11153;7500;flysat.com
2427;7;11156;7200;flysat.com
2428;7;11159;4800;flysat.com
2429;7;11162;7200;flysat.com
2430;7;11163;7200;flysat.com
2431;7;11164;9874;flysat.com
2432;7;11166;14400;flysat.com
2433;7;11167;9874;flysat.com
2434;7;11170;7200;flysat.com
2435;7;11171;7200;flysat.com
2436;7;11173;7200;flysat.com
2437;7;11174;3000;flysat.com
2438;7;11178;9874;flysat.com
2439;7;11178;9700;flysat.com
2440;7;11181;21600;flysat.com
2441;7;11182;6666;flysat.com
2442;7;11184;3600;flysat.com
2443;7;11186;14400;flysat.com
2444;7;11189;10000;flysat.com
2445;7;11189;7200;flysat.com
2446;7;11192;6976;flysat.com
2447;7;11212;15165;flysat.com
2448;7;11222;30000;flysat.com
2449;7;11226;34290;flysat.com
2450;7;11231;47000;flysat.com
2451;7;11262;27500;flysat.com
2452;7;11293;47000;flysat.com
2453;7;11304;29700;flysat.com
2454;7;11324;29700;flysat.com
2455;7;11356;35000;flysat.com
2456;7;11387;27500;flysat.com
2457;7;11396;7200;flysat.com
2458;7;11397;7200;flysat.com
2459;7;11406;7200;flysat.com
2460;7;11444;3210;flysat.com
2461;7;11458;10000;flysat.com
2462;7;11459;7200;flysat.com
2463;7;11461;14400;flysat.com
2464;7;11474;6000;flysat.com
2465;7;11479;14400;flysat.com
2466;7;11480;4200;flysat.com
2467;7;11481;45000;flysat.com
2468;7;11483;4200;flysat.com
2469;7;11485;1000;flysat.com
2470;7;11486;6666;flysat.com
2471;7;11490;2222;flysat.com
2472;7;11493;2222;flysat.com
2473;7;11496;2915;flysat.com
2474;7;11498;6668;flysat.com
2475;7;11498;4987;flysat.com
2476;7;11501;10000;flysat.com
2477;7;11504;7200;flysat.com
2478;7;11507;5000;flysat.com
2479;7;11510;7500;flysat.com
2480;7;11517;9600;flysat.com
2481;7;11520;12500;flysat.com
2482;7;11523;7120;flysat.com
2483;7;11526;10000;flysat.com
2484;7;11533;68576;flysat.com
2485;7;11541;68576;flysat.com
2486;7;11542;7200;flysat.com
2487;7;11548;14400;flysat.com
2488;7;11551;22857;flysat.com
2489;7;11562;7200;flysat.com
2490;7;11563;9874;flysat.com
2491;7;11569;9600;flysat.com
2492;7;11580;11246;flysat.com
2493;7;11584;14400;flysat.com
2494;7;11586;11000;flysat.com
2495;7;11602;14400;flysat.com
2496;7;11606;45000;flysat.com
2497;7;11635;16000;flysat.com
2498;7;11637;5000;flysat.com
2499;7;11658;3600;flysat.com
2500;7;11662;2000;flysat.com
2501;7;11664;9800;flysat.com
2502;7;11667;3600;flysat.com
2503;7;11667;3780;flysat.com
2504;7;11670;15000;flysat.com
2505;7;11672;3780;flysat.com
2506;7;11677;5040;flysat.com
2507;7;11679;14400;flysat.com
2508;7;11681;2500;flysat.com
2509;7;11684;5000;flysat.com
2510;7;11684;7400;flysat.com
2511;7;11685;2500;flysat.com
2512;7;11688;15000;flysat.com
2513;7;11689;5040;flysat.com
2514;7;11692;11247;flysat.com
2515;7;11697;1111;flysat.com
2516;7;12504;1500;flysat.com
2517;7;12504;1670;flysat.com
2518;7;12507;500;flysat.com
2519;7;12508;550;flysat.com
2520;7;12510;7200;flysat.com
2521;7;12511;1833;flysat.com
2522;7;12513;7200;flysat.com
2523;7;12515;1303;flysat.com
2524;7;12515;4022;flysat.com
2525;7;12519;7200;flysat.com
2526;7;12519;4800;flysat.com
2527;7;12523;10000;flysat.com
2528;7;12524;2400;flysat.com
2529;7;12526;5000;flysat.com
2530;7;12529;2500;flysat.com
2531;7;12530;1480;flysat.com
2532;7;12535;4000;flysat.com
2533;7;12537;8000;flysat.com
2534;7;12540;3600;flysat.com
2535;7;12540;5000;flysat.com
2536;7;12543;3600;flysat.com
2537;7;12546;19200;flysat.com
2538;7;12547;6666;flysat.com
2539;7;12549;9876;flysat.com
2540;7;12551;1000;flysat.com
2541;7;12552;14400;flysat.com
2542;7;12554;2400;flysat.com
2543;7;12555;7200;flysat.com
2544;7;12558;9876;flysat.com
2545;7;12561;11246;flysat.com
2546;7;12562;30000;flysat.com
2547;7;12564;7200;flysat.com
2548;7;12566;19200;flysat.com
2549;7;12568;17017;flysat.com
2550;7;12569;30000;flysat.com
2551;7;12573;11246;flysat.com
2552;7;12576;4938;flysat.com
2553;7;12590;3675;flysat.com
2554;7;12593;9600;flysat.com
2555;7;12596;6111;flysat.com
2556;7;12600;2500;flysat.com
2557;7;12603;7500;flysat.com
2558;7;12604;30000;flysat.com
2559;7;12605;5748;flysat.com
2560;7;12606;9600;flysat.com
2561;7;12609;7200;flysat.com
2562;7;12612;7200;flysat.com
2563;7;12613;1542;flysat.com
2564;7;12615;4600;flysat.com
2565;7;12617;300;flysat.com
2566;7;12618;5250;flysat.com
2567;7;12621;14400;flysat.com
2568;7;12622;6000;flysat.com
2569;7;12624;15000;flysat.com
2570;7;12627;4600;flysat.com
2571;7;12630;7500;flysat.com
2572;7;12633;3750;flysat.com
2573;7;12637;7200;flysat.com
2574;7;12638;4937;flysat.com
2575;7;12640;7200;flysat.com
2576;7;12643;7200;flysat.com
2577;7;12645;9875;flysat.com
2578;7;12645;7200;flysat.com
2579;7;12646;16951;flysat.com
2580;7;12649;7200;flysat.com
2581;7;12655;3600;flysat.com
2582;7;12657;2476;flysat.com
2583;7;12658;9200;flysat.com
2584;7;12674;3600;flysat.com
2585;7;12677;7200;flysat.com
2586;7;12680;9600;flysat.com
2587;7;12681;17144;flysat.com
2588;7;12683;19200;flysat.com
2589;7;12686;7200;flysat.com
2590;7;12686;3674;flysat.com
2591;7;12689;34286;flysat.com
2592;7;12689;3674;flysat.com
2593;7;12692;30000;flysat.com
2594;7;12695;7200;flysat.com
2595;7;12698;14400;flysat.com
2596;7;12701;15000;flysat.com
2597;7;12704;7200;flysat.com
2598;7;12708;11428;flysat.com
2599;7;12713;1250;flysat.com
2600;7;12722;7200;flysat.com
2601;7;12725;7200;flysat.com
2602;7;12728;7120;flysat.com
2603;7;12728;34286;flysat.com
2604;7;12731;7200;flysat.com
2605;7;12735;7200;flysat.com
2606;7;12738;9876;flysat.com
2607;7;12741;7200;flysat.com
2608;7;12744;4937;flysat.com
2609;7;12745;2222;flysat.com
2610;7;21550;5000;flysat.com
2611;7;21594;1100;flysat.com
2612;7;21620;2200;flysat.com
2613;7;21638;1100;flysat.com
2614;7;21639;1100;flysat.com
2615;7;21641;1023;flysat.com
2616;7;21680;7200;flysat.com
2617;5;3791;17143;flysat.com
2618;5;3826;54708;flysat.com
2619;5;3922;38806;flysat.com
2620;5;3923;1414;flysat.com
2621;5;3928;2083;flysat.com
2622;5;3930;1239;flysat.com
2623;5;3947;17143;flysat.com
2624;5;3952;2268;flysat.com
2625;5;3955;1945;flysat.com
2626;5;3962;1429;flysat.com
2627;5;3966;2850;flysat.com
2628;5;4000;17190;flysat.com
2629;5;4014;1820;flysat.com
2630;5;4030;15497;flysat.com
2631;5;4049;47000;flysat.com
2632;5;4058;21995;flysat.com
2633;5;4083;1000;flysat.com
2634;5;4087;1000;flysat.com
2635;5;4094;1551;flysat.com
2636;5;4097;3366;flysat.com
2637;5;4113;1150;flysat.com
2638;5;11256;15000;flysat.com
2639;5;11288;1350;flysat.com
2640;5;11292;1000;flysat.com
2641;5;11296;2074;flysat.com
2642;5;11305;7200;flysat.com
2643;5;11305;34286;flysat.com
2644;5;11345;34286;flysat.com
2645;5;11385;30000;flysat.com
2646;5;11727;27500;flysat.com
2647;5;11727;27500;flysat.com
2648;5;11747;30000;flysat.com
2649;5;11747;27500;flysat.com
2650;5;11766;30000;flysat.com
2651;5;11766;27500;flysat.com
2652;5;11785;27500;flysat.com
2653;5;11785;27500;flysat.com
2654;5;11804;27500;flysat.com
2655;5;11862;27500;flysat.com
2656;5;11881;27500;flysat.com
2657;5;11900;27500;flysat.com
2658;5;11919;27500;flysat.com
2659;5;11938;27500;flysat.com
2660;5;11938;27500;flysat.com
2661;5;11958;27500;flysat.com
2662;5;11958;27500;flysat.com
2663;5;11977;31429;flysat.com
2664;5;11977;27500;flysat.com
2665;5;11996;27500;flysat.com
2666;5;11996;27500;flysat.com
2667;5;12015;29950;flysat.com
2668;5;12034;27500;flysat.com
2669;5;12053;30000;flysat.com
2670;5;12073;27500;flysat.com
2671;5;12073;30000;flysat.com
2672;5;12111;31428;flysat.com
2673;5;12130;27500;flysat.com
2674;5;12188;27500;flysat.com
2675;5;12207;30000;flysat.com
2676;5;12226;27500;flysat.com
2677;5;12284;27500;flysat.com
2678;5;12303;31429;flysat.com
2679;5;12303;27500;flysat.com
2680;5;12380;27500;flysat.com
2681;5;12380;27500;flysat.com
2682;5;12418;27500;flysat.com
2683;5;12418;27500;flysat.com
2684;5;12437;30000;flysat.com
2685;5;12476;27490;flysat.com
2686;5;12512;3600;flysat.com
2687;5;12515;3600;flysat.com
2688;5;12515;7200;flysat.com
2689;5;12518;9875;flysat.com
2690;5;12521;3600;flysat.com
2691;5;12523;3750;flysat.com
2692;5;12525;7200;flysat.com
2693;5;12528;10000;flysat.com
2694;5;12531;7200;flysat.com
2695;5;12534;3333;flysat.com
2696;5;12537;3333;flysat.com
2697;5;12540;7230;flysat.com
2698;5;12541;10000;flysat.com
2699;5;12544;4610;flysat.com
2700;5;12548;7200;flysat.com
2701;5;12551;4936;flysat.com
2702;5;12552;3333;flysat.com
2703;5;12554;7200;flysat.com
2704;5;12557;14400;flysat.com
2705;5;12558;7500;flysat.com
2706;5;12560;7200;flysat.com
2707;5;12564;10000;flysat.com
2708;5;12565;30000;flysat.com
2709;5;12565;7500;flysat.com
2710;5;12569;3333;flysat.com
2711;5;12572;7500;flysat.com
2712;5;12575;4610;flysat.com
2713;5;12576;10000;flysat.com
2714;5;12580;4444;flysat.com
2715;5;12583;3260;flysat.com
2716;5;12591;3800;flysat.com
2717;5;12591;2900;flysat.com
2718;5;12594;7200;flysat.com
2719;5;12597;7200;flysat.com
2720;5;12600;6111;flysat.com
2721;5;12603;3600;flysat.com
2722;5;12607;3600;flysat.com
2723;5;12607;4610;flysat.com
2724;5;12610;4610;flysat.com
2725;5;12612;3600;flysat.com
2726;5;12616;4610;flysat.com
2727;5;12619;6111;flysat.com
2728;5;12622;4610;flysat.com
2729;5;12627;3800;flysat.com
2730;5;12627;4610;flysat.com
2731;5;12630;9874;flysat.com
2732;5;12637;3260;flysat.com
2733;5;12642;9874;flysat.com
2734;5;12648;4557;flysat.com
2735;5;12657;4936;flysat.com
2736;5;12660;3750;flysat.com
2737;5;12663;3224;flysat.com
2738;5;12668;2500;flysat.com
2739;5;12672;7500;flysat.com
2740;5;12674;9875;flysat.com
2741;5;12677;10000;flysat.com
2742;5;12678;7500;flysat.com
2743;5;12681;5000;flysat.com
2744;5;12688;7500;flysat.com
2745;5;12690;7200;flysat.com
2746;5;12692;23657;flysat.com
2747;5;12699;7200;flysat.com
2748;5;12708;7200;flysat.com
2749;5;12712;5000;flysat.com
2750;5;12738;3333;flysat.com
2751;3;3634;3750;flysat.com
2752;3;3634;2858;flysat.com
2753;3;3641;14400;flysat.com
2754;3;3715;7200;flysat.com
2755;3;3729;16833;flysat.com
2756;3;3741;3600;flysat.com
2757;3;3752;9706;flysat.com
2758;3;3778;7200;flysat.com
2759;3;3796;7200;flysat.com
2760;3;3797;7200;flysat.com
2761;3;3805;7200;flysat.com
2762;3;3810;30000;flysat.com
2763;3;3815;7200;flysat.com
2764;3;3825;4170;flysat.com
2765;3;3831;2190;flysat.com
2766;3;3832.82;1108;flysat.com
2767;3;3845;30000;flysat.com
2768;3;3850;7200;flysat.com
2769;3;3860;7200;flysat.com
2770;3;3878;7020;flysat.com
2771;3;3890;13170;flysat.com
2772;3;3894;40000;flysat.com
2773;3;3902;6370;flysat.com
2774;3;3918;19630;flysat.com
2775;3;3918;5620;flysat.com
2776;3;3937;13725;flysat.com
2777;3;3972;7200;flysat.com
2778;3;3973;1833;flysat.com
2779;3;3975;1000;flysat.com
2780;3;3976;14240;flysat.com
2781;3;3980;7200;flysat.com
2782;3;3985;30000;flysat.com
2783;3;3987;16300;flysat.com
2784;3;3990;7200;flysat.com
2785;3;3996;9706;flysat.com
2786;3;3999;7200;flysat.com
2787;3;4001;1250;flysat.com
2788;3;4004;1230;flysat.com
2789;3;4007;2083;flysat.com
2790;3;4007;4832;flysat.com
2791;3;4007;2083;flysat.com
2792;3;4009;3750;flysat.com
2793;3;4010;3750;flysat.com
2794;3;4016;2500;flysat.com
2795;3;4018;7500;flysat.com
2796;3;4024;2500;flysat.com
2797;3;4032;1100;flysat.com
2798;3;4033;1700;flysat.com
2799;3;4036;1830;flysat.com
2800;3;4037;1250;flysat.com
2801;3;4038;2358;flysat.com
2802;3;4045;1082;flysat.com
2803;3;4050;7500;flysat.com
2804;3;4056;1250;flysat.com
2805;3;4063;33900;flysat.com
2806;3;4081;3750;flysat.com
2807;3;4099;33900;flysat.com
2808;3;4107;15682;flysat.com
2809;3;4116;1000;flysat.com
2810;3;4130;8571;flysat.com
2811;3;4141;32727;flysat.com
2812;3;4144;7200;flysat.com
2813;3;4152;7200;flysat.com
2814;3;4162;7200;flysat.com
2815;3;4171;7200;flysat.com
2816;3;4192;9700;flysat.com
2817;3;4730;8000;flysat.com
2818;3;10960;7500;flysat.com
2819;3;10969;7500;flysat.com
2820;3;10975;7500;flysat.com
2821;3;10979;7500;flysat.com
2822;3;10987;7500;flysat.com
2823;3;10989;19411;flysat.com
2824;3;11000;11500;flysat.com
2825;3;11020;2200;flysat.com
2826;3;11030;2100;flysat.com
2827;3;11045;2220;flysat.com
2828;3;11049;4500;flysat.com
2829;3;11051;3300;flysat.com
2830;3;11070;8000;flysat.com
2831;3;11083;5572;flysat.com
2832;3;11088;5572;flysat.com
2833;3;11093;20000;flysat.com
2834;3;11097;3500;flysat.com
2835;3;11101;4650;flysat.com
2836;3;11106;5572;flysat.com
2837;3;11110;2000;flysat.com
2838;3;11128;10000;flysat.com
2839;3;11143;40000;flysat.com
2840;3;11145;5000;flysat.com
2841;3;11186;14500;flysat.com
2842;3;11218;26000;flysat.com
2843;3;11282;20835;flysat.com
2844;3;11305;10000;flysat.com
2845;3;11321;10478;flysat.com
2846;3;11349;18300;flysat.com
2847;3;11403;18300;flysat.com
2848;3;11412;1700;flysat.com
2849;3;11425;2000;flysat.com
2850;3;11481;45000;flysat.com
2851;3;11544;51430;flysat.com
2852;3;11560;9874;flysat.com
2853;3;11623;14400;flysat.com
2854;3;11628;7500;flysat.com
2855;3;11633;2200;flysat.com
2856;3;11639;2000;flysat.com
2857;3;11641;1182;flysat.com
2858;3;11643;3250;flysat.com
2859;3;11646;1903;flysat.com
2860;3;11656;7350;flysat.com
2861;3;11661;4500;flysat.com
2862;3;11673;3333;flysat.com
2863;3;11677;2083;flysat.com
2864;3;11677;2500;flysat.com
2865;3;11683;7500;flysat.com
2866;3;11686;2200;flysat.com
2867;3;11693;2962;flysat.com
2868;3;12514;2220;flysat.com
2869;3;12516;2200;flysat.com
2870;3;12527;2961;flysat.com
2871;3;12548;2200;flysat.com
2872;3;12552;2300;flysat.com
2873;3;12556;1500;flysat.com
2874;3;12563;9600;flysat.com
2875;3;12574;7500;flysat.com
2876;3;12578.2;255;flysat.com
2877;3;12578.58;255;flysat.com
2878;3;12578.95;257;flysat.com
2879;3;12579.34;257;flysat.com
2880;3;12579.72;257;flysat.com
2881;3;12580.09;257;flysat.com
2882;3;12581;2000;flysat.com
2883;3;12589;3600;flysat.com
2884;3;12594;5500;flysat.com
2885;3;12597;14400;flysat.com
2886;3;12600;3600;flysat.com
2887;3;12609;3100;flysat.com
2888;3;12613;3100;flysat.com
2889;3;12629;3100;flysat.com
2890;3;12634;2900;flysat.com
2891;3;12638;2220;flysat.com
2892;3;12647;7200;flysat.com
2893;3;12656;1483;flysat.com
2894;3;12658;804;flysat.com
2895;3;12664;2100;flysat.com
2896;3;12676;7200;flysat.com
2897;3;12680;7666;flysat.com
2898;3;12690;5573;flysat.com
2899;3;12694;10987;flysat.com
2900;3;12705;4650;flysat.com
2901;3;12708;2962;flysat.com
2902;3;12711;9700;flysat.com
2903;3;12716;2500;flysat.com
2904;3;12722;1500;flysat.com
2905;3;12730;7200;flysat.com
2906;3;12735;5000;flysat.com
2907;3;12741;1303;flysat.com
2908;3;12746;2100;flysat.com
2909;3;19730;39990;flysat.com
2910;3;19787;39990;flysat.com
2911;3;19915;39990;flysat.com
2912;3;20043;39990;flysat.com
2913;2;11411;1700;flysat.com
2914;2;11432;2000;flysat.com
2915;2;11970;2000;flysat.com
2916;2;12072;30000;flysat.com
2917;2;12092;30000;flysat.com
2918;2;12111;30000;flysat.com
2919;2;12169;30000;flysat.com
2920;2;12207;30000;flysat.com
2921;2;12226;30000;flysat.com
2922;2;12265;30000;flysat.com
2923;2;12303;30000;flysat.com
2924;2;12322;30000;flysat.com
2925;2;12341;30000;flysat.com
2926;2;12360;30000;flysat.com
2927;2;12380;30000;flysat.com
2928;2;12418;30000;flysat.com
2929;2;12456;30000;flysat.com
2930;2;12476;30000;flysat.com
2931;2;12509;6333;flysat.com
2932;2;12513;7500;flysat.com
2933;2;12519;6333;flysat.com
2934;2;12523;3700;flysat.com
2935;2;12539;4540;flysat.com
